競馬場,競走年月日,レース番号,枠番,帽色,馬番,馬名,性,齢,毛色,生年月日,父馬名,母馬名,母父馬名,騎手名,騎手所属,負担重量,騎手成績,調教師,調教師所属,馬主氏名,生産牧場名,馬体重,馬体重増減,全成績,ダート左成績,ダート右成績,当競馬場成績,うち当距離成績,最高タイム,最高タイム良馬場,着順,タイム,着差,上がり3F,人気
盛岡,20260825,1,1,白,1,リュッカクローナ,牡,7,鹿毛,20190315,シニスターミニスター,トウケイサクラ,シンボリクリスエス,鈴木祐,岩手,56,0-0-0-3,高橋純,岩手,岩渕道良,大道牧場,,,7-10-7-66,4-3-3-31,3-7-4-35,4-3-2-27,3-2-1-10,1:26.6,良1:26.6,,,,,1
盛岡,20260825,1,2,黒,2,サクラトップマンボ,牡,4,鹿毛,20220524,ミッキーロケット,サクラトップクイン,ジャングルポケット,坂井瑛,岩手,☆55,2-0-1-1,伊藤忍,岩手,（株）トップフェロウ,細川農場,,,3-0-3-6,2-0-2-4,1-0-1-2,2-0-2-4,0-0-1-3,1:28.1,良1:28.1,,,,,1
盛岡,20260825,1,3,赤,3,エムティヒビキ,セン,6,黒鹿毛,20200502,レガーロ,スパートル,ゼンノロブロイ,小林凌,岩手,56,1-1-3-16,佐藤敏,岩手,遠藤喜和,市川フアーム,,,5-5-12-98,2-5-3-35,3-0-9-63,2-5-3-31,0-3-2-19,1:27.9,良1:27.9,,,,,1
盛岡,20260825,1,4,青,4,サクラカゼ,牝,4,青鹿毛,20220305,シルバーステート,ターフジェニック,ホワイトマズル,菅原辰,岩手,54,0-0-0-1,千葉幸,岩手,川上武志,マリオステーブル,,,0-7-1-16,0-3-0-6,0-4-1-6,0-3-0-4,0-2-0-1,1:28.0,良1:28.0,,,,,1
盛岡,20260825,1,5,黄,5,グラスアラバニーユ,牡,7,芦毛,20190530,ヴァンセンヌ,ネオマックイーン,メジロマックイーン,山本政,岩手,56,0-0-0-0,西野直,岩手,（同）ランニング・クラウド,村上進治,,,5-4-4-40,5-4-4-40,0-0-0-0,0-0-0-0,0-0-0-0,,,,,,,1
盛岡,20260825,1,6,緑,6,コウバイ,牝,4,栗毛,20220308,マツリダゴッホ,ハナガスミ,クロコルージュ,塚本涼,岩手,54,0-1-0-2,陶文峰,岩手,吉田啓,松浦牧場,,,1-7-2-34,1-4-2-16,0-3-0-18,1-4-2-14,0-0-0-1,1:30.9,,,,,,1
盛岡,20260825,1,7,橙,7,スターアドミラル,牡,5,芦毛,20210313,レッドファルクス,アモールミーオ,ダイワメジャー,山本聡,岩手,56,0-0-0-0,菅原勲,岩手,兼松康太,風ノ丘ファーム,,,1-2-7-21,1-2-5-16,0-0-0-1,0-0-0-0,0-0-0-0,,,,,,,1
盛岡,20260825,1,8,桃,8,パルピタシオン,牝,4,栗毛,20220418,モズアスコット,クラウンイヴ,ブラックタイド,山本紀,岩手,54,2-2-0-0,板垣吉,岩手,サンエツ企画（有）,クラウン日高牧場,,,2-2-0-13,0-2-0-0,2-0-0-4,0-2-0-0,0-1-0-0,1:28.2,良1:28.2,,,,,1
盛岡,20260825,1,8,桃,9,ポンテドラーゴ,牡,7,黒鹿毛,20190315,アイルハヴアナザー,テイエムプリンセス,ネオユニヴァース,大坪慎,岩手,56,0-0-1-5,佐藤敏,岩手,小橋亮太,松浦牧場,,,4-8-8-46,1-1-4-20,3-7-4-26,0-0-1-4,0-0-1-2,1:27.6,良1:27.6,,,,,1
盛岡,20260825,2,1,白,1,フォルトリアン,牝,5,栗毛,20210321,ベストウォーリア,サンジョ,ファスリエフ,菅原辰,岩手,54,0-1-0-4,千葉幸,岩手,馬目勇,津田牧場,,,5-7-4-28,0-0-1-13,5-7-3-15,0-0-0-8,0-0-0-4,1:27.3,良1:27.3,,,,,1
盛岡,20260825,2,2,黒,2,ストレート,牝,6,栗毛,20200407,フリオーソ,ポンデュガール,フォーティナイナー,高松亮,岩手,54,2-2-0-9,千博次,岩手,谷謙介,門別敏朗,,,6-6-4-75,3-2-2-19,3-4-2-56,3-2-2-19,2-1-2-6,1:27.1,良1:27.1,,,,,1
盛岡,20260825,2,3,赤,3,ノースハマナス,牝,6,鹿毛,20200418,ベストウォーリア,ウィステリアカフナ,スペシャルウィーク,高橋悠,岩手,54,0-0-0-1,三野通,岩手,爲永良弘,村上欽哉,,,4-2-3-46,3-0-0-18,1-2-3-28,1-0-0-12,0-0-0-4,1:28.3,良1:28.3,,,,,1
盛岡,20260825,2,4,青,4,トレベルフィーユ,牝,4,青鹿毛,20220426,トーセンラー,トレラピッド,"Anabaa Blue",山本紀,岩手,54,2-0-2-5,高橋純,岩手,山口謙太郎,社台ファーム,,,3-0-3-29,3-0-1-11,0-0-2-15,3-0-1-11,0-0-0-3,1:27.7,良1:27.7,,,,,1
盛岡,20260825,2,5,黄,5,オメガジャスミン,牝,5,栗毛,20210508,マツリダゴッホ,チアフルドーラ,"Jump Start",塚本涼,岩手,54,4-3-1-13,酒井仁,岩手,前田敏文,岡田スタツド,,,4-5-2-24,2-2-1-15,2-3-1-7,2-1-1-8,0-1-0-4,1:28.2,良1:28.2,,,,,1
盛岡,20260825,2,6,緑,6,ブラックトルネード,牡,4,青鹿毛,20220412,フォーウィールドライブ,シャンパンサーベル,キンシャサノキセキ,阿部英,岩手,56,1-0-0-0,工藤裕,岩手,田頭勇貴,有限会社大作ステーブ,,,2-0-0-14,2-0-0-5,0-0-0-8,1-0-0-0,0-0-0-0,,,,,,,1
盛岡,20260825,2,7,橙,7,レイホープ,牡,4,黒鹿毛,20220127,トゥザグローリー,レッドピアノ,オレハマッテルゼ,佐々志,岩手,56,0-0-0-2,佐藤祐,岩手,北原大史,木村牧場,,,3-0-0-24,0-0-0-2,3-0-0-17,0-0-0-2,0-0-0-0,,,,,出走取消,,
盛岡,20260825,2,7,橙,8,ナムラゴロフキン,牡,9,鹿毛,20170520,ゴールドヘイロー,ナムララピス,キングヘイロー,坂井瑛,岩手,☆55,1-0-0-8,新田守,岩手,高橋千恵子,王蔵牧場,,,10-6-7-71,2-0-0-15,8-6-7-55,1-0-0-6,1-0-0-5,1:26.9,良1:26.9,,,,,1
盛岡,20260825,2,8,桃,9,カレンザブーケ,牝,5,栗毛,20210518,カレンブラックヒル,ドリームノート,ディープスカイ,関本玲,岩手,◇52,2-1-1-17,新田守,岩手,谷謙介,飯島功典,,,4-5-6-46,2-2-3-29,2-3-3-17,1-2-3-16,0-0-1-8,1:27.3,良1:27.3,,,,,1
盛岡,20260825,2,8,桃,10,キタノクーヴェル,牡,6,黒鹿毛,20200416,トーセンラー,アンナトルテ,エンパイアメーカー,岩本怜,岩手,56,0-2-1-7,陶文峰,岩手,北所拓也,富菜牧場,,,1-11-9-38,1-6-5-24,0-5-4-13,0-4-1-14,0-2-1-10,1:26.6,良1:27.5,,,,,1
盛岡,20260825,3,1,白,1,ドルチアーリア,牝,5,栗毛,20210504,マインドユアビスケッツ,メジャーマジック,ダイワメジャー,山本政,岩手,54,0-0-0-0,三野通,岩手,山根義信,社台ファーム,,,2-2-3-28,1-2-3-16,1-0-0-11,1-0-2-0,0-0-1-0,1:28.9,良1:28.9,,,,,1
盛岡,20260825,3,2,黒,2,ターントゥベスト,牝,6,鹿毛,20200212,ミッキーロケット,ターントゥタイド,ブラックタイド,村上忍,岩手,54,4-5-1-23,村上実,岩手,西村隆平,三輪牧場,,,6-5-2-37,5-2-2-11,1-2-0-26,5-2-2-11,3-1-2-5,1:27.4,良1:28.0,,,,,1
盛岡,20260825,3,3,赤,3,カラフルフレスコ,牝,7,芦毛,20190510,クリエイター2,ユアカラー,"Jade Robbery",大坪慎,岩手,54,1-0-0-0,三野通,岩手,（株）アプエンテ,スイートフアーム,,,6-5-4-44,5-4-3-19,1-1-1-25,1-3-2-6,1-3-1-3,1:26.8,良1:27.0,,,,,1
盛岡,20260825,3,4,青,4,バスターショット,セン,5,栗毛,20210317,ダノンシャーク,ガーデンショット,アサクサデンエン,山本紀,岩手,56,0-0-1-0,高橋純,岩手,古川忠一,マルシチ牧場,,,4-5-6-32,0-1-1-16,4-4-5-14,0-1-1-4,0-1-1-3,1:27.6,良1:27.6,,,,,1
盛岡,20260825,3,5,黄,5,アリダンジェロ,牝,6,鹿毛,20200429,ジャスタウェイ,ウイングドウィール,シンボリクリスエス,菅原辰,岩手,54,2-0-0-0,瀬戸幸,岩手,岡田拓也,社台ファーム,,,3-4-1-29,3-3-1-13,0-0-0-10,2-0-0-0,1-0-0-0,1:28.8,良1:28.8,,,,,1
盛岡,20260825,3,6,緑,6,ヴェニーレ,牡,8,鹿毛,20180427,メイショウボーラー,ハナウタ,ドリームスプレッド,関本玲,岩手,◇54,0-1-1-16,関本浩,岩手,小橋亮太,厚賀古川牧場,,,11-7-9-44,7-6-8-23,4-1-1-21,3-2-1-7,1-2-1-4,1:26.8,良1:27.3,,,,,1
盛岡,20260825,3,7,橙,7,ベアビリーブ,牝,7,青毛,20190226,キタサンブラック,ロイヤルマリー,Monsun,佐々志,岩手,54,0-0-1-4,瀬戸幸,岩手,後藤順男,（有）社台コーポレー,,,5-10-11-64,4-9-6-25,1-1-5-28,2-8-3-16,1-3-3-12,1:25.3,良1:26.6,,,,,1
盛岡,20260825,3,7,橙,8,ブルーシャトー,牡,6,青鹿毛,20200501,トゥザワールド,フロールシータ,エアジハード,齋藤友,岩手,★52,0-0-0-0,小林義,岩手,小橋亮太,門別敏朗,,,3-7-9-53,2-2-4-18,1-5-5-33,1-1-3-8,1-1-3-7,1:27.0,良1:27.0,,,,,1
盛岡,20260825,3,8,桃,9,ワナカ,牝,4,黒鹿毛,20220416,モーニン,セレスティーヌ,ハーツクライ,高橋悠,岩手,54,1-0-0-0,木村暁,岩手,ジェイアイ（株）,松田牧場,,,3-3-1-14,3-3-1-12,0-0-0-1,3-1-0-0,1-0-0-0,1:26.7,,,,,,1
盛岡,20260825,3,8,桃,10,ラグドール,牡,7,鹿毛,20190526,ミッキーアイル,ラガマフィン,ゼンノロブロイ,塚本涼,岩手,56,0-0-0-0,新田守,岩手,牧野聖子,びらとり牧場,,,8-15-14-51,1-2-2-8,7-13-12-42,0-1-1-3,0-1-1-3,1:26.3,良1:26.3,,,,,1
盛岡,20260825,4,1,白,1,ナズドゥラヴィ,牝,3,鹿毛,20230529,ジャスタウェイ,ゴールデンメロディ,ディープブリランテ,高橋悠,岩手,54,1-1-0-0,伊藤忍,岩手,土井久美子,錦岡牧場,,,1-2-0-2,1-2-0-0,0-0-0-1,1-2-0-0,0-1-0-0,1:26.2,良1:26.2,,,,,1
盛岡,20260825,4,2,黒,2,ボビネット,牝,3,芦毛,20230310,イスラボニータ,オーガンディー,フレンチデピュティ,塚本涼,岩手,54,0-3-0-0,菅原右,岩手,栗坂崇,岡田スタツド,,,0-3-4-5,0-3-2-0,0-0-2-5,0-3-2-0,0-3-0-0,1:26.0,良1:26.5,,,,,1
盛岡,20260825,4,3,赤,3,ケイジ,牡,3,鹿毛,20230423,マジェスティックウォリアー,オトメチャン,ヴァーミリアン,村上忍,岩手,56,1-1-0-2,村上実,岩手,島田久,沖田忠幸,,,1-2-0-6,0-1-0-3,1-1-0-3,0-1-0-2,0-1-0-2,1:26.2,良1:27.7,,,,,1
盛岡,20260825,4,4,青,4,タイセイパフューム,牝,3,鹿毛,20230302,マインドユアビスケッツ,エヌワイパフューム,ジャスタウェイ,高松亮,岩手,54,1-1-2-1,佐藤雅,岩手,田中成奉,（有）社台コーポレー,,,1-1-3-7,1-0-2-2,0-1-1-4,1-0-2-2,1-0-1-1,1:25.7,良1:28.1,,,,,1
盛岡,20260825,4,5,黄,5,シャンペトルブーケ,牝,3,鹿毛,20230312,サトノダイヤモンド,エクストラペトル,キングカメハメハ,山本政,岩手,54,0-0-0-0,伊藤忍,岩手,福田達也,富田牧場,,,1-0-1-5,1-0-0-1,0-0-0-0,1-0-0-1,1-0-0-1,1:27.2,良1:27.2,,,,,1
盛岡,20260825,4,6,緑,6,シスターブラック,牝,3,鹿毛,20230219,キタサンブラック,リュヌルージュ,モンテロッソ,齋藤友,岩手,★50,0-0-0-3,工藤裕,岩手,畠山浩司,グランド牧場,,,0-2-1-14,0-1-0-6,0-1-1-6,0-1-0-5,0-1-0-5,1:26.8,良1:28.4,,,,,1
盛岡,20260825,4,7,橙,7,クリエ,牡,3,鹿毛,20230317,エポカドーロ,フィオレンツァ,グラスワンダー,阿部英,岩手,56,0-0-0-3,三野通,岩手,金野喜見男,門別尚省,,,1-0-0-16,0-0-0-9,1-0-0-7,0-0-0-9,0-0-0-8,1:28.5,良1:29.0,,,,,1
盛岡,20260825,4,7,橙,8,ピッタンヌンムル,牝,3,鹿毛,20230318,ダノンバラード,プラッキーエリーナ,マヤノトップガン,山本紀,岩手,54,0-1-3-3,佐藤敏,岩手,篠塚和郎,中脇一幸,,,0-3-4-6,0-2-1-3,0-1-3-0,0-2-1-3,0-1-1-3,1:27.7,良1:28.0,,,,,1
盛岡,20260825,4,8,桃,9,ボグラーモデル,牡,3,鹿毛,20230507,ベンバトル,クリスティロマンス,シンボリクリスエス,岩本怜,岩手,56,0-0-1-1,畠山信,岩手,谷謙介,ビッグレッドファーム,,,1-2-1-11,0-1-0-6,1-1-1-2,0-1-0-5,0-1-0-5,1:28.1,良1:28.7,,,,,1
盛岡,20260825,4,8,桃,10,ノーブルガイザー,牡,3,鹿毛,20230309,ミッキーアイル,トスアップ,ジャスタウェイ,山本聡,岩手,56,1-1-2-2,菅原勲,岩手,玉田博志,高村牧場,,,1-1-2-4,0-0-2-2,1-1-0-2,0-0-2-2,0-0-2-1,1:27.3,良1:27.3,,,,,1
盛岡,20260825,5,1,白,1,アイビーキラリ,牝,3,栗毛,20230411,タワーオブロンドン,セブンシースケイプ,ワールドエース,鈴木祐,岩手,54,0-3-1-1,櫻田康,岩手,石坂茂ラボ（株）,上村勇人,,,1-4-1-5,1-3-0-1,0-1-1-3,1-3-0-1,0-3-0-1,1:27.3,良1:27.3,,,,,1
盛岡,20260825,5,2,黒,2,シーキングザバース,牝,3,鹿毛,20230322,ビッグアーサー,シーキングオアシス,"Seeking the Gold",菅原辰,岩手,54,0-0-0-0,小林義,岩手,山下勇,ストームファームコー,,,0-1-0-15,0-0-0-2,0-1-0-10,0-0-0-1,0-0-0-1,1:30.6,良1:30.6,,,,,1
盛岡,20260825,5,3,赤,3,ラヴレインブーケ,牝,3,栗毛,20230518,ワールドエース,ブーケパルフェ,アフリート,大坪慎,岩手,54,0-1-0-6,佐藤敏,岩手,白井慎一,静内酒井牧場,,,1-1-1-18,0-0-1-10,1-1-0-7,0-0-1-10,0-0-0-7,1:28.5,良1:28.5,,,,,1
盛岡,20260825,5,4,青,4,ウチュウノハナ,牝,3,鹿毛,20230513,ベストウォーリア,アタックガール,パイロ,南郷家,岩手,54,1-1-0-5,櫻田樹,岩手,長塩豊,門別牧場,,,2-1-0-8,1-1-0-5,1-0-0-3,1-1-0-3,1-1-0-3,1:27.0,良1:27.0,,,,,1
盛岡,20260825,5,5,黄,5,シュガーストーン,牡,3,栗毛,20230326,アニマルキングダム,サセッティ,Selkirk,山本聡,岩手,56,0-0-0-0,小林俊,岩手,大久保俊,今井秀樹,,,1-3-0-5,0-2-0-3,1-1-0-2,0-2-0-3,0-1-0-2,1:26.7,良1:29.6,,,,,1
盛岡,20260825,5,6,緑,6,キングスペード,牡,3,鹿毛,20230410,クリソベリル,ルーレットクイーン,ドリームジャーニー,高松亮,岩手,56,2-0-0-0,佐藤雅,岩手,山下勇,桑田牧場,,,2-0-0-6,2-0-0-1,0-0-0-5,2-0-0-0,1-0-0-0,1:26.2,,,,,,1
盛岡,20260825,5,7,橙,7,エイシンシームレス,牝,3,黒鹿毛,20230313,サトノアレス,エーシンマダムジー,"Giant's Causeway",関本玲,岩手,◇52,0-0-0-2,吉田司,岩手,岩渕瑞生,木田牧場,,,0-0-4-20,0-0-1-4,0-0-3-16,0-0-1-4,0-0-1-4,1:29.2,良1:29.2,,,,,1
盛岡,20260825,5,7,橙,8,クラージュクリール,セン,3,青鹿毛,20230413,アメリカンペイトリオット,リスキーディール,ネオユニヴァース,阿部英,岩手,56,0-1-1-9,工藤裕,岩手,鈴木正浩,市川牧場,,,0-3-1-17,0-1-1-10,0-2-0-7,0-1-1-10,0-1-1-9,1:27.3,良1:27.3,,,,,1
盛岡,20260825,5,8,桃,9,ポルテボヌール,牝,3,栗毛,20230209,マテラスカイ,ドラゴンハピネス,ディープインパクト,佐々志,岩手,54,1-0-0-9,佐藤祐,岩手,Ｉレーシング（株）,下河辺牧場,,,1-1-1-18,0-0-0-5,1-1-1-13,0-0-0-5,0-0-0-5,1:28.5,良1:29.2,,,,,1
盛岡,20260825,5,8,桃,10,マムティタイム,牝,3,鹿毛,20230429,ナムラタイタン,マムティ,デュランダル,高橋悠,岩手,54,0-0-0-1,高橋純,岩手,谷謙介,野坂牧場,,,1-0-1-13,1-0-0-7,0-0-1-6,1-0-0-7,1-0-0-6,1:27.5,良1:27.5,,,,,1
盛岡,20260825,6,1,白,1,シンシア,牝,3,鹿毛,20230404,クリソベリル,ダンスウィズミー,ディープインパクト,山本政,岩手,54,0-0-0-0,畠山信,岩手,吉田勝利,三嶋牧場,,,1-2-3-10,0-0-1-5,1-2-2-5,0-0-1-3,0-0-1-3,1:25.7,良1:27.3,,,,,1
盛岡,20260825,6,2,黒,2,イネスティマブル,牝,3,青毛,20230312,シャンハイボビー,ファルトレク,ノヴェリスト,阿部英,岩手,54,0-0-1-6,及川良,岩手,欠畑圭一,タニグチ牧場,,,1-1-2-15,1-0-1-9,0-1-1-6,0-0-1-4,0-0-1-4,1:26.4,良1:27.2,,,,,1
盛岡,20260825,6,3,赤,3,キララアリエス,牝,3,黒鹿毛,20230321,サンダースノー,ニシノキララコ,アドマイヤムーン,佐々志,岩手,54,1-2-0-3,伊藤忍,岩手,小嶋浩之,前田ファーム,,,1-2-1-11,1-1-0-8,0-1-1-3,1-1-0-8,1-1-0-7,1:27.6,良1:28.3,,,,,1
盛岡,20260825,6,4,青,4,ヤマチョウミニヨン,牝,3,黒鹿毛,20230305,ゴールドドリーム,ミセスユウコチャン,ロジユニヴァース,岩本怜,岩手,54,0-0-0-7,三野通,岩手,長谷川彰,シンユウフアーム,,,0-3-1-18,0-2-0-7,0-1-1-11,0-2-0-7,0-2-0-7,1:26.1,良1:27.8,,,,,1
盛岡,20260825,6,5,黄,5,リュウノソウル,牡,3,栗毛,20230217,カリフォルニアクローム,オースミアース,ハービンジャー,塚本涼,岩手,56,0-1-2-9,酒井仁,岩手,蓑島竜一,広富牧場,,,1-1-4-15,0-0-1-5,1-1-3-10,0-0-1-5,0-0-1-5,1:26.0,良1:27.6,,,,,1
盛岡,20260825,6,6,緑,6,コンバットキャモ,牝,3,鹿毛,20230410,アルアイン,オルニス,マンハッタンカフェ,高橋悠,岩手,54,0-0-0-0,三野通,岩手,山根義信,石田英機,,,1-0-5-3,1-0-2-1,0-0-3-2,1-0-2-1,1-0-2-1,1:25.8,良1:27.5,,,,,1
盛岡,20260825,6,7,橙,7,チェンドル,牝,3,黒鹿毛,20230212,アルアイン,ルタンブル,エイシンフラッシュ,山本紀,岩手,54,1-0-0-6,板垣吉,岩手,杉浦和也,大北牧場,,,1-0-2-14,1-0-0-3,0-0-1-4,1-0-0-3,1-0-0-3,1:25.8,良1:27.4,,,,,1
盛岡,20260825,6,7,橙,8,バオシェテンシ,牝,3,鹿毛,20230501,サンダースノー,ベルフロレゾン,クロフネ,村上忍,岩手,54,3-0-0-0,千葉幸,岩手,楊明翰,レジェンドファーム,,,3-0-0-8,3-0-0-0,0-0-0-5,3-0-0-0,2-0-0-0,1:27.8,良1:29.0,,,,,1
盛岡,20260825,6,8,桃,9,リトゥリア,牝,3,黒鹿毛,20230503,ミスターメロディ,ボルティモア,ステイゴールド,山本聡,岩手,54,1-1-0-1,菅原勲,岩手,高橋一己,岩見牧場,,,1-2-1-7,1-1-0-2,0-0-0-2,1-1-0-1,1-1-0-1,1:26.5,良1:27.8,,,,,1
盛岡,20260825,6,8,桃,10,トキノシャトー,牝,3,黒鹿毛,20230404,タイセイレジェンド,レッドオランジュ,ステイゴールド,高松亮,岩手,54,2-0-0-3,佐藤雅,岩手,相馬哲夫,城地牧場,,,2-1-0-9,2-0-0-1,0-1-0-8,2-0-0-1,1-0-0-1,1:25.7,,,,,,1
盛岡,20260825,7,1,白,1,マナラニアケア,牡,2,黒鹿毛,20240415,リオンリオン,マナバレンシア,トゥザワールド,高松亮,岩手,55,0-0-0-0,佐藤雅,岩手,（同）ＭＩＲＡＩ,秋場牧場,,,0-0-0-5,0-0-0-0,0-0-0-5,0-0-0-0,0-0-0-0,,,,,,,1
盛岡,20260825,7,2,黒,2,カシュタン,牡,2,栗毛,20240329,エーシンシャラク,エーシンブルバード,オレハマッテルゼ,山本紀,岩手,55,0-0-0-2,板垣吉,岩手,シグラップ・マネジメント（株）,吉永ファーム,,,0-0-0-3,0-0-0-2,0-0-0-1,0-0-0-2,0-0-0-2,1:17.4,良1:17.7,,,,,1
盛岡,20260825,7,3,赤,3,デイジーサンデー,牝,2,鹿毛,20240222,ステルヴィオ,ナムラジュエル,マーベラスサンデー,山本聡,岩手,54,0-0-0-0,小林俊,岩手,ホンベホールディングス（株）,野坂牧場,,,0-0-0-5,0-0-0-1,0-0-0-4,0-0-0-1,0-0-0-1,1:16.6,良1:16.6,,,,,1
盛岡,20260825,7,4,青,4,トモノミラグレ,牡,2,鹿毛,20240501,ステルヴィオ,ミラグレ,ステイゴールド,岩本怜,岩手,55,0-0-0-0,三野通,岩手,望月朋子,門別牧場,,,0-0-1-3,0-0-1-2,0-0-0-1,0-0-1-2,0-0-1-2,1:15.9,良1:19.2,,,,,1
盛岡,20260825,7,5,黄,5,ワールドルミエール,牝,2,鹿毛,20240305,ワールドプレミア,ダイヤモンドベガ,ハードスパン,鈴木祐,岩手,54,0-0-0-0,飯田弘,岩手,村上幹夫,ワールドファーム,,,0-0-0-4,0-0-0-2,0-0-0-0,0-0-0-2,0-0-0-2,1:17.0,良1:17.0,,,,,1
盛岡,20260825,7,6,緑,6,ハッピーアフリート,牝,2,鹿毛,20240404,ハッピースプリント,ワンドロップ,サウスヴィグラス,佐々志,岩手,54,0-0-0-0,三野通,岩手,前田敏文,様似共栄牧場,,,0-0-0-4,0-0-0-0,0-0-0-4,0-0-0-0,0-0-0-0,,,,,,,1
盛岡,20260825,7,7,橙,7,カンパネルラ,牡,2,鹿毛,20240322,シュヴァルグラン,カオレレ,プリサイスエンド,小林凌,岩手,55,0-0-0-1,飯田弘,岩手,大谷昌裕,高橋啓,,,0-0-0-2,0-0-0-1,0-0-0-0,0-0-0-1,0-0-0-0,,,,,,,1
盛岡,20260825,7,7,橙,8,テンシノウィンク,牝,2,鹿毛,20240327,ジャスタウェイ,ジョイフルラブ,メイショウサムソン,山本政,岩手,54,0-0-0-0,西野直,岩手,堀口晴男,日西牧場,,,0-0-0-1,0-0-0-1,0-0-0-0,0-0-0-1,0-0-0-0,,,,,,,1
盛岡,20260825,7,8,桃,9,プロパティクシオン,牡,2,黒鹿毛,20240226,イスラボニータ,ヴィンチェーレ,フェノーメノ,大坪慎,岩手,55,0-0-0-1,橘友和,岩手,眞保榮健太,桑田牧場,,,0-0-0-3,0-0-0-1,0-0-0-2,0-0-0-1,0-0-0-1,1:16.8,良1:16.8,,,,,1
盛岡,20260825,7,8,桃,10,アルミノダンク,牝,2,青鹿毛,20240322,ベストウォーリア,マルティプライ,"Fusaichi Pegasus",菅原辰,岩手,54,0-0-0-1,瀬戸幸,岩手,（株）安達牧場,村上諒真,,,0-0-0-3,0-0-0-2,0-0-0-0,0-0-0-2,0-0-0-2,1:17.6,良1:19.0,,,,,1
盛岡,20260825,8,1,白,1,キラット,牝,6,栗毛,20200327,リアルインパクト,トワインブルーム,トワイニング,村上忍,岩手,54,0-1-1-0,村上実,岩手,大原知宏,有限会社大原ファーム,,,2-6-7-11,2-5-6-10,0-1-1-1,0-0-0-0,0-0-0-0,,,,,,,1
盛岡,20260825,8,2,黒,2,オロスコピオ,牝,4,黒鹿毛,20220420,トーセンラー,ダイワエトワール,エンパイアメーカー,菅原辰,岩手,54,1-0-1-6,瀬戸幸,岩手,橋本浩,社台ファーム,,,2-1-1-18,0-1-0-6,1-0-1-5,0-1-0-6,0-0-0-4,1:25.0,良1:26.4,,,,,1
盛岡,20260825,8,3,赤,3,グラフィアスレディ,牝,7,鹿毛,20190510,ミッキーアイル,ヴィルフランシュ,ハーツクライ,鈴木祐,岩手,54,1-0-0-8,千葉幸,岩手,新井原博,川上牧場,,,9-10-10-55,3-6-3-26,6-4-6-26,3-6-3-26,1-1-0-9,1:25.2,良1:25.2,,,,,1
盛岡,20260825,8,4,青,4,フタイテンホイール,牝,4,鹿毛,20220407,モンテロッソ,フェリスホイール,ダンスインザダーク,齋藤友,岩手,★50,1-1-2-6,齋藤雄,岩手,岡崎淳,大北牧場,,,2-2-4-34,2-1-4-9,0-1-0-15,2-1-4-9,2-0-4-2,1:26.4,良1:26.4,,,,,1
盛岡,20260825,8,5,黄,5,ゴージャスレディ,牝,4,鹿毛,20220309,パイロ,プロディジャス,ハーツクライ,南郷家,岩手,54,0-1-0-0,櫻田樹,岩手,大黒富美子,高松牧場,,,3-4-4-9,0-1-0-0,3-3-4-9,0-1-0-0,0-0-0-0,,,,,,,1
盛岡,20260825,8,5,黄,6,レーザースペックル,牡,4,栗毛,20220402,パイロ,バンダ,キングヘイロー,塚本涼,岩手,56,2-0-0-0,木村暁,岩手,会田裕一,上水牧場,,,4-0-6-14,3-0-4-13,1-0-2-1,2-0-0-0,1-0-0-0,1:26.4,良1:26.4,,,,,1
盛岡,20260825,8,6,緑,7,フークタオユエン,セン,4,鹿毛,20220310,トランセンド,アガペー,シンボリクリスエス,関本玲,岩手,◇54,0-0-0-0,関本浩,岩手,福岡隆史,オーシャンズランチ,,,3-3-4-25,0-0-0-0,3-3-4-25,0-0-0-0,0-0-0-0,,,,,,,1
盛岡,20260825,8,6,緑,8,フェズカズマ,牡,7,栗毛,20190115,ドレフォン,シナジーウィスパー,ネオユニヴァース,山本聡,岩手,56,0-0-0-1,佐藤雅,岩手,福盛訓之,ノーザンファーム,,,5-5-1-43,1-2-0-8,4-3-1-32,1-2-0-5,0-1-0-4,1:24.5,良1:28.1,,,,,1
盛岡,20260825,8,7,橙,9,ヒロシゲウェーブ,セン,10,栗毛,20160318,ダイワメジャー,サトノアスカ,"Giant's Causeway",小林凌,岩手,56,0-0-0-0,酒井仁,岩手,鈴木道隆,高橋義浩,,,18-14-18-49,1-0-2-9,17-14-16-37,1-0-2-8,0-0-2-8,1:25.9,良1:26.9,,,,,1
盛岡,20260825,8,7,橙,10,プリンスメーカー,牡,6,鹿毛,20200507,リアルインパクト,プリンセスメーカー,エンパイアメーカー,高松亮,岩手,56,0-0-0-0,板垣吉,岩手,小原準一郎,坂本智広,,,3-2-5-26,3-2-5-25,0-0-0-0,0-0-0-0,0-0-0-0,,,,,,,1
盛岡,20260825,8,8,桃,11,エルモドーロ,牡,8,栗毛,20180302,オルフェーヴル,ホワイトヴェール,クロフネ,佐々志,岩手,56,0-0-0-0,小林俊,岩手,小橋亮太,下河辺牧場,,,3-13-10-46,0-6-4-7,3-7-5-35,0-2-2-5,0-2-2-5,1:25.5,良1:26.4,,,,,1
盛岡,20260825,8,8,桃,12,サクラトップラン,牝,7,鹿毛,20190331,ホッコータルマエ,シャンパントパーズ,ワイルドラッシュ,高橋悠,岩手,54,3-0-1-11,伊藤忍,岩手,（株）トップフェロウ,千代田牧場,,,5-5-2-39,3-3-0-15,1-2-2-14,3-0-0-10,2-0-0-5,1:25.4,良1:26.8,,,,,1
盛岡,20260825,9,1,白,1,ルージュアストレア,牝,3,鹿毛,20230319,キタサンブラック,プリンセスアスタ,"Canford Cliffs",山本聡,岩手,54,0-0-0-0,栗田徹,JRA,（株）東京ホースレーシング,社台ファーム,,,0-0-1-4,0-0-0-0,0-0-0-0,0-0-0-0,0-0-0-0,,,,,,,1
盛岡,20260825,9,2,黒,2,シュートザムーン,牡,3,鹿毛,20230512,サトノジェネシス,ムーンエコロジー,クリーンエコロジー,山本紀,岩手,56,0-0-0-0,菅原学,岩手,浦野和由,日西牧場,,,2-0-0-8,1-0-0-4,1-0-0-1,0-0-0-0,0-0-0-0,,,,,,,1
盛岡,20260825,9,3,赤,3,ラペイエ,セン,3,鹿毛,20230326,バゴ,ティフィン,トワイニング,小林凌,岩手,56,0-0-0-0,永田幸,岩手,木部嚴生,木部ファーム,,,0-2-4-13,0-1-1-2,0-1-3-11,0-0-0-0,0-0-0-0,,,,,,,1
盛岡,20260825,9,4,青,4,タイセイネクサス,セン,3,鹿毛,20230125,キズナ,グレイトペイジ,"Roderic O'Connor",高松亮,岩手,56,0-0-0-0,古賀慎,JRA,田中成奉,タイヘイ牧場,,,0-0-0-2,0-0-0-0,0-0-0-0,0-0-0-0,0-0-0-0,,,,,,,1
盛岡,20260825,9,5,黄,5,カクメイショヤ,牝,3,黒鹿毛,20230223,サトノクラウン,ルーモス,ハーツクライ,鈴木祐,岩手,54,0-1-0-13,櫻田康,岩手,山本武司,びらとり牧場,,,0-1-0-15,0-0-0-3,0-0-0-7,0-1-0-5,0-0-0-3,1:48.8,良1:50.0,,,,,1
盛岡,20260825,9,5,黄,6,ファーザーアウェイ,牡,3,鹿毛,20230327,エピファネイア,アフランシール,ハーツクライ,丹内祐,JRA,56,0-0-0-0,尾関知,JRA,（株）ノースヒルズ,株式会社ノースヒルズ,,,0-0-1-5,0-0-0-1,0-0-0-0,0-0-0-0,0-0-0-0,,,,,,,1
盛岡,20260825,9,6,緑,7,レイナエヴィータ,牝,3,黒鹿毛,20230212,キタサンブラック,サンタエヴィータ,"Smart Strike",高橋悠,岩手,54,0-0-0-0,武藤善,JRA,（株）Ｇ１レーシング,（有）社台コーポレー,,,0-0-0-1,0-0-0-0,0-0-0-0,0-0-0-0,0-0-0-0,,,,,,,1
盛岡,20260825,9,6,緑,8,ライトアズフェザー,牝,3,鹿毛,20230206,アルアイン,ベッラヴォルタ,ヴィクトワールピサ,阿部英,岩手,54,0-0-0-2,工藤裕,岩手,川添裕起,チェスナットファーム,,,1-0-2-12,0-0-0-2,1-0-2-5,0-0-0-1,0-0-0-1,1:46.1,良1:46.1,,,,,1
盛岡,20260825,9,7,橙,9,アルカイックスター,牝,3,鹿毛,20230223,ブリックスアンドモルタル,スターオブエマラーティ,"Pride Of Dubai",菅原辰,岩手,54,0-0-0-1,千葉幸,岩手,犬飼優,社台ファーム,,,1-1-0-10,1-1-0-5,0-0-0-2,0-0-0-3,0-0-0-3,1:45.9,良1:45.9,,,,,1
盛岡,20260825,9,7,橙,10,ヘイマー,牡,3,黒鹿毛,20230314,アドマイヤムーン,ヴァレリカ,Dynaformer,村上忍,岩手,56,0-0-0-0,伊藤伸,JRA,田頭勇貴,株式会社那須野,,,0-0-0-13,0-0-0-1,0-0-0-3,0-0-0-0,0-0-0-0,,,,,,,1
盛岡,20260825,9,8,桃,11,ヘヴンリーサイン,牡,3,鹿毛,20230303,エポカドーロ,アグネスエンジェル,ホワイトマズル,山本政,岩手,56,0-0-0-0,深山雅,JRA,岡田牧雄,上村勇人,,,0-0-0-6,0-0-0-1,0-0-0-1,0-0-0-0,0-0-0-0,,,,,,,1
盛岡,20260825,9,8,桃,12,ジュエルレジーナ,牝,3,青鹿毛,20230427,シルバーステート,ジュエルクイーン,キンシャサノキセキ,坂井瑛,岩手,☆53,0-0-0-3,飯田弘,岩手,橋本政信,明治牧場,,,0-1-0-23,0-0-0-6,0-1-0-11,0-0-0-6,0-0-0-3,1:47.1,良1:47.1,,,,,1
盛岡,20260825,10,1,白,1,ワイドカイゼリン,牝,6,鹿毛,20200403,アメリカンペイトリオット,ワイルドシンガー,ワイルドラッシュ,坂井瑛,岩手,☆53,0-1-0-4,千博次,岩手,谷謙介,槇本牧場,,,3-7-0-35,0-0-0-10,3-7-0-22,0-0-0-6,0-0-0-5,1:38.6,良1:41.6,,,,,1
盛岡,20260825,10,2,黒,2,ツルマルヴィオレ,牡,4,鹿毛,20220201,ホッコータルマエ,タッカーアリシア,キンシャサノキセキ,村上忍,岩手,56,0-0-0-0,小林義,岩手,鶴谷義雄,藤巻則弘,,,3-3-0-6,1-0-0-1,2-3-0-5,1-0-0-1,0-0-0-0,,,,,,,1
盛岡,20260825,10,3,赤,3,ゴールドモーション,牡,5,栗毛,20210318,ゴールドアクター,ジェラテリア,フジキセキ,山本紀,岩手,56,0-1-0-4,板垣吉,岩手,居城寿与,北勝ファーム,,,6-2-4-19,6-2-3-9,0-0-0-6,3-1-2-4,2-1-2-4,1:38.8,良1:38.8,,,,,1
盛岡,20260825,10,4,青,4,マイネルアストリア,牡,9,鹿毛,20170407,"Hard Spun",オレゴンレディ,Shamardal,関本玲,岩手,◇54,3-4-2-21,関本浩,岩手,岩渕瑞生,ビッグレッドファーム,,,15-8-5-58,9-4-3-23,6-4-2-33,7-4-3-19,6-4-3-16,1:37.2,良1:37.6,,,,,1
盛岡,20260825,10,5,黄,5,マルーントリック,牝,5,栗毛,20210429,カリフォルニアクローム,ステージトリック,"Distorted Humor",佐々志,岩手,54,4-1-1-21,佐藤祐,岩手,佐藤信廣,佐藤牧場,,,7-8-3-32,2-4-0-14,5-4-3-18,2-4-0-14,1-1-0-4,1:38.0,良1:39.6,,,,,1
盛岡,20260825,10,6,緑,6,ロッソ,牡,6,栗毛,20200507,トーセンラー,ロッソトウショウ,マーベラスサンデー,山本政,岩手,56,0-0-0-0,飯田弘,岩手,山本将司,有限会社エスティファ,,,8-7-11-49,0-0-0-3,8-7-11-46,0-0-0-3,0-0-0-3,1:41.0,良1:42.7,,,,,1
盛岡,20260825,10,7,橙,7,ペルルセレスト,牝,5,栗毛,20210406,フリオーソ,シンワウォッカ,シーキングザダイヤ,鈴木祐,岩手,54,3-0-0-6,永田幸,岩手,小野寺悠太,武牧場,,,5-2-6-32,2-0-1-10,3-2-5-22,2-0-1-10,0-0-0-0,,,,,,,1
盛岡,20260825,10,8,桃,8,パドメ,牝,4,鹿毛,20220218,エピファネイア,エリドゥバビロン,Bernstein,高橋悠,岩手,54,0-0-0-0,佐藤雅,岩手,福盛訓之,木村秀則,,,2-2-4-15,0-0-0-2,2-2-3-9,0-0-0-1,0-0-0-0,,,,,,,1
盛岡,20260825,10,8,桃,9,フィリオアレグロ,セン,9,鹿毛,20170206,ディープインパクト,ジョコンダ2,Rossini,小林凌,岩手,56,0-0-0-0,飯田弘,岩手,工藤友樹,ノーザンファーム,,,9-3-8-25,0-0-0-0,6-2-5-17,0-0-0-0,0-0-0-0,,,,,,,1
盛岡,20260825,11,1,白,1,ロベルタカリーナ,牝,4,鹿毛,20220515,ルヴァンスレーヴ,ダイワジャンヌ,タニノギムレット,村上忍,岩手,54,5-4-2-6,新田守,岩手,安彦公一,千代田牧場,,,6-4-2-19,3-3-1-7,3-1-1-10,3-3-1-3,2-2-0-0,1:12.3,良1:12.6,,,,,1
盛岡,20260825,11,2,黒,2,リリードリーマー,牝,4,鹿毛,20220311,ゴールドドリーム,アルマネーレーイス,ジャングルポケット,岩本怜,岩手,54,1-0-0-2,伊藤和,岩手,大屋高広,アサヒ牧場,,,2-3-2-14,2-2-1-8,0-1-1-5,2-1-0-3,0-0-0-1,1:13.2,,,,,,1
盛岡,20260825,11,3,赤,3,スターライトテール,牡,6,黒鹿毛,20200422,ドレフォン,ラーチャプルック,マーベラスサンデー,塚本涼,岩手,56,0-0-1-4,酒井仁,岩手,小橋亮太,スマイルファーム,,,6-7-15-49,1-2-4-10,5-5-11-39,1-2-4-9,1-0-2-2,1:12.6,良1:12.7,,,,,1
盛岡,20260825,11,4,青,4,タイセイフェスタ,セン,5,鹿毛,20210506,マツリダゴッホ,オーミポルカ,キングヘイロー,高松亮,岩手,56,0-0-1-0,佐藤雅,岩手,田中成奉,松木加代,,,2-3-5-23,0-3-3-10,0-0-2-3,0-2-2-0,0-1-0-0,1:12.5,,,,,,1
盛岡,20260825,11,5,黄,5,ソレア,牝,6,鹿毛,20200124,ドレフォン,バイラオーラ,トワイニング,高橋悠,岩手,54,0-0-0-0,伊藤忍,岩手,福原聡,（有）社台コーポレー,,,5-3-4-26,5-3-4-20,0-0-0-5,0-0-0-0,0-0-0-0,,,,,,,1
盛岡,20260825,11,5,黄,6,ファルーク,セン,9,栗毛,20170211,ダイワメジャー,ウインファンタジア,ヘネシー,佐々志,岩手,56,3-1-2-9,橘友和,岩手,上手健太郎,服部牧場,,,13-7-8-53,3-3-2-32,10-4-5-20,3-2-2-15,1-0-1-7,1:13.6,良1:13.6,,,,,1
盛岡,20260825,11,6,緑,7,サンカリプソ,牝,4,鹿毛,20220408,タワーオブロンドン,ラヴィアージュ,クロフネ,坂井瑛,岩手,☆53,1-2-3-8,菅原勲,岩手,大山口洋平,山田政宏,,,4-7-5-17,0-5-0-5,3-2-5-9,0-5-0-5,0-1-0-2,1:12.8,良1:12.8,,,,,1
盛岡,20260825,11,6,緑,8,インディーフィルム,牝,4,栗毛,20220318,サンダースノー,ベストピクチャー,Dubawi,阿部英,岩手,54,1-1-1-3,及川良,岩手,岩渕瑞生,ダーレー・ジャパン・,,,5-4-2-11,2-2-2-4,3-2-0-7,2-2-2-3,0-0-0-0,,,,,,,1
盛岡,20260825,11,7,橙,9,フィルモアテソーロ,牡,5,栗毛,20210322,ヴィクトワールピサ,サンマルクイーン,ダイワメジャー,大坪慎,岩手,56,0-0-0-0,関本浩,岩手,欠畑圭一,笹島政信,,,7-2-2-20,0-0-0-6,7-2-2-13,0-0-0-6,0-0-0-0,,,,,,,1
盛岡,20260825,11,7,橙,10,ニューウォーク,牝,4,鹿毛,20220416,ニューイヤーズデイ,ウエスタンユーノー,アドマイヤコジーン,菅原辰,岩手,54,0-0-0-1,瀬戸幸,岩手,後藤順男,ウエスタンファーム,,,2-5-5-26,0-0-1-4,2-5-3-18,0-0-1-4,0-0-1-0,1:12.4,,,,,,1
盛岡,20260825,11,8,桃,11,チハヤブルラン,牝,6,鹿毛,20200508,コパノリッキー,ニシノカーリー,Shamardal,関本玲,岩手,◇52,3-5-2-13,永田幸,岩手,金野喜見男,田中裕之,,,6-8-9-40,2-2-2-16,4-6-7-24,2-2-2-16,1-0-1-9,1:13.1,良1:13.6,,,,,1
盛岡,20260825,11,8,桃,12,タカマキスリー,牡,5,鹿毛,20210303,メイショウボーラー,ミルク,キングヘイロー,小林凌,岩手,56,0-1-0-1,菅原右,岩手,後藤順男,澤井義一,,,6-7-9-32,3-3-3-20,3-3-6-12,3-2-2-16,1-1-0-6,1:13.1,良1:13.1,,,,,1
盛岡,20260825,12,1,白,1,リュウノメディナ,セン,5,鹿毛,20210216,キンシャサノキセキ,ラハイナ2,"Milt's Overture",塚本涼,岩手,56,3-1-0-13,酒井仁,岩手,蓑島竜一,タイヘイ牧場,,,5-4-3-26,4-3-3-19,1-1-0-7,2-0-0-6,2-0-0-2,1:12.7,良1:12.7,,,,,1
盛岡,20260825,12,2,黒,2,コンバットトーラス,牡,5,黒鹿毛,20210315,シゲルカガ,シゲルスタールビー,ノヴェリスト,大坪慎,岩手,56,0-0-0-1,三野通,岩手,（株）アプエンテ,前田牧場,,,9-0-1-24,0-0-0-3,9-0-1-21,0-0-0-3,0-0-0-0,,,,,,,1
盛岡,20260825,12,3,赤,3,サラサワン,セン,7,鹿毛,20190502,ダノンレジェンド,アイシークレット,ゴールドアリュール,村上忍,岩手,56,4-1-0-3,村上実,岩手,上手健太郎,グランド牧場,,,14-4-4-13,13-3-3-8,1-1-1-5,4-0-1-2,3-0-1-0,1:12.6,良1:12.6,,,,,1
盛岡,20260825,12,4,青,4,パンセ,牡,5,黒鹿毛,20210321,ゴールドアクター,クォーク,ネオユニヴァース,山本紀,岩手,56,0-0-2-2,飯田弘,岩手,（有）ランドエコノミーコンサルタント,大北牧場,,,3-3-7-23,1-2-5-15,2-1-2-8,0-0-2-5,0-0-1-2,1:12.5,良1:13.4,,,,,1
盛岡,20260825,12,5,黄,5,メイストーム,牡,8,鹿毛,20180328,ディスクリートキャット,ユーリカ,クロフネ,鈴木祐,岩手,56,0-0-0-1,小林俊,岩手,小橋亮太,木村牧場,,,8-6-9-53,4-4-5-23,4-2-4-30,0-0-0-1,0-0-0-0,,,,,,,1
盛岡,20260825,12,5,黄,6,サティスファイア,牝,4,鹿毛,20220427,ホッコータルマエ,ユキノセリーヌ,ワイルドラッシュ,岩本怜,岩手,54,1-0-0-5,三野通,岩手,星加浩一,市正牧場,,,4-2-1-14,4-2-1-12,0-0-0-2,1-0-0-3,1-0-0-1,1:12.2,良1:12.6,,,,,1
盛岡,20260825,12,6,緑,7,グアドループ,牡,8,栗毛,20180223,ヴィクトワールピサ,マンビア,Aldebaran,山本聡,岩手,56,4-3-0-2,板垣吉,岩手,佐藤弘樹,ノーザンファーム,,,9-6-1-34,8-2-1-23,1-2-0-7,5-2-0-5,1-0-0-3,1:12.0,良1:13.2,,,,,1
盛岡,20260825,12,6,緑,8,ゴレイジョウ,牝,6,鹿毛,20200227,イスラボニータ,クィーンアマポーラ,キングカメハメハ,南郷家,岩手,54,5-0-2-0,永田幸,岩手,福田光博,鎌田正嗣,,,10-0-3-27,3-0-1-6,7-0-2-10,3-0-1-1,0-0-0-1,1:14.3,良1:14.3,,,,,1
盛岡,20260825,12,7,橙,9,ファイナルキング,牡,8,栗毛,20180427,サウスヴィグラス,ゴールドキャヴィア,ゴールドアリュール,小林凌,岩手,56,0-0-0-1,佐藤浩,岩手,高橋皖,カタオカステーブル,,,9-6-8-23,6-6-7-21,3-0-1-2,0-1-1-3,0-0-1-2,1:12.2,良1:12.2,,,,,1
盛岡,20260825,12,7,橙,10,プリティキッス,牝,5,黒鹿毛,20210412,ダノンバラード,ジャストアキッス,エンパイアメーカー,佐々志,岩手,54,6-3-1-9,小林俊,岩手,千葉貢,大北牧場,,,6-6-3-27,4-5-1-9,2-1-2-13,4-5-1-9,2-0-0-1,1:12.4,良1:12.4,,,,,1
盛岡,20260825,12,8,桃,11,ルアル,牡,7,鹿毛,20190228,エスポワールシチー,シャイニングムーン,エリシオ,阿部英,岩手,56,1-3-0-6,吉田司,岩手,古川忠一,グランデファーム,,,4-7-7-32,1-2-1-6,3-5-6-26,1-2-0-2,0-2-0-1,1:12.7,良1:12.7,,,,,1
盛岡,20260825,12,8,桃,12,コパノマロン,牝,4,栗毛,20220318,モズアスコット,ユキノクイーン,タイキシャトル,高松亮,岩手,54,0-0-0-0,櫻田樹,岩手,小林祥晃,服部牧場,,,4-2-1-26,1-2-0-16,3-0-1-7,1-2-0-1,0-0-0-0,,,,,,,1
船橋,20260825,1,1,白,1,エルモ,牡,2,鹿毛,20240407,アルアイン,イタリアンフェッテ,ヨハネスブルグ,濱田達,船橋,54,0-0-0-0,佐々功,船橋,谷口祐人,中田浩美,,,0-0-0-1,0-0-0-1,0-0-0-0,0-0-0-1,0-0-0-1,1:20.1,良1:20.1,,,,,1
船橋,20260825,1,2,黒,2,キャッスルソード,牡,2,栗毛,20240414,ナムラタイタン,キャッスルムーン,ラニ,所　蛍,船橋,☆53,0-0-0-1,渋谷博,船橋,城市公,城市公,,,0-0-0-2,0-0-0-2,0-0-0-0,0-0-0-2,0-0-0-1,1:21.2,良1:21.2,,,,,1
船橋,20260825,1,3,赤,3,エーオープリンス,牡,2,鹿毛,20240307,チュウワウィザード,ベルクシュタイゲン,エスケンデレヤ,笠野雄,船橋,54,0-0-0-1,佐藤太,船橋,（株）ネクストトライ,メイタイファーム,,,0-0-0-1,0-0-0-1,0-0-0-0,0-0-0-1,0-0-0-0,,,,,,,1
船橋,20260825,1,4,青,4,ケイズブレイヴ,牡,2,栗毛,20240305,ケイティブレイブ,ケイティグレース,ロジユニヴァース,藤原幹,船橋,54,0-0-0-2,山田信,船橋,伊藤健,有限会社ビクトリーホ,,,0-0-0-3,0-0-0-3,0-0-0-0,0-0-0-3,0-0-0-2,1:19.4,良1:19.4,,,,,1
船橋,20260825,1,5,黄,5,バニラビーンズ,牡,2,栗毛,20240502,ダノンスマッシュ,ショウナンバニラ,オルフェーヴル,菅原吏,船橋,▲51,0-0-0-0,山本学,船橋,手嶋康雄,田湯牧場,,,0-0-0-1,0-0-0-1,0-0-0-0,0-0-0-1,0-0-0-0,,,,,,,1
船橋,20260825,1,6,緑,6,パームストリート,牡,2,芦毛,20240527,オールブラッシュ,ロックランザ,"Rock of Gibraltar",岡村健,船橋,54,0-0-0-1,山中尊,船橋,篠原徹,スプリングファーム,,,0-0-0-1,0-0-0-1,0-0-0-0,0-0-0-1,0-0-0-0,,,,,,,1
船橋,20260825,1,7,橙,7,クレイジーロッカー,牡,2,栗毛,20240216,サリオス,アルティメイトラブ,シンボリクリスエス,木間龍,船橋,54,0-0-0-1,渡邊貴,船橋,吉田照哉,社台ファーム,,,0-0-0-1,0-0-0-1,0-0-0-0,0-0-0-1,0-0-0-0,,,,,,,1
船橋,20260825,2,1,白,1,フレンドヤマト,牡,2,黒鹿毛,20240329,グローリーヴェイズ,ブロックチェーン,ルーラーシップ,臼井健,船橋,54,0-0-0-1,佐々功,船橋,横尾晴人,登別上水牧場,,,0-0-0-1,0-0-0-1,0-0-0-0,0-0-0-1,0-0-0-0,,,,,,,1
船橋,20260825,2,2,黒,2,グレースフルマナー,牝,2,黒鹿毛,20240229,ニューイヤーズデイ,エレガントマナー,シンボリクリスエス,山本大,船橋,△52,0-0-0-1,佐藤太,船橋,吉田勝己,隆栄牧場,,,0-0-0-1,0-0-0-1,0-0-0-0,0-0-0-1,0-0-0-0,,,,,,,1
船橋,20260825,2,3,赤,3,アンサール,牡,2,栗毛,20240324,ベストウォーリア,リンネルクロス,キングヘイロー,小杉亮,船橋,54,0-0-1-0,矢野義,船橋,石瀬丈太郎,株式会社アフリートフ,,,0-0-1-0,0-0-1-0,0-0-0-0,0-0-1-0,0-0-0-0,,,,,,,1
船橋,20260825,2,4,青,4,ジャズジャイアント,牡,2,鹿毛,20240424,モーニン,パーフェクトジョイ,ステイゴールド,和田譲,大井,54,0-0-0-0,新井清,船橋,日下部勝徳,市川牧場,,,0-0-0-1,0-0-0-1,0-0-0-0,0-0-0-1,0-0-0-0,,,,,,,1
船橋,20260825,2,5,黄,5,コーズマーサ,牝,2,栗毛,20240217,ディスクリートキャット,マーサマイディア,サウスヴィグラス,川島正,船橋,54,0-0-0-1,岩崎真,船橋,（株）Ｗプロパティー,グランド牧場,,,0-0-0-1,0-0-0-1,0-0-0-0,0-0-0-1,0-0-0-0,,,,,,,1
船橋,20260825,2,6,緑,6,フレンドタワー,牝,2,栗毛,20240321,タワーオブロンドン,フレンドプラチナ,クロフネ,仲野光,船橋,54,0-0-1-0,長谷剛,船橋,蔀英二,中村雅明,,,0-0-1-0,0-0-1-0,0-0-0-0,0-0-1-0,0-0-0-0,,,,,,,1
船橋,20260825,2,7,橙,7,ユウヤケノソラ,牝,2,鹿毛,20240427,リアルインパクト,オリオンムーン,Manduro,ゴンサ,船橋,54,0-0-0-0,林　幻,船橋,吉田照哉,社台ファーム,,,0-0-1-0,0-0-1-0,0-0-0-0,0-0-1-0,0-0-0-0,,,,,,,1
船橋,20260825,2,8,桃,8,マルヒロデラックス,牝,2,鹿毛,20240207,デクラレーションオブウォー,ルタンメルヴェイユ,ゴールドアリュール,張田昂,船橋,54,0-0-0-0,玉井等,船橋,廣川正之,明治牧場,,,0-0-1-0,0-0-1-0,0-0-0-0,0-0-1-0,0-0-0-0,,,,,,,1
船橋,20260825,2,8,桃,9,クシナダヒメ,牝,2,青鹿毛,20240423,アメリカンペイトリオット,カナワン,エピファネイア,野澤憲,船橋,54,0-0-0-3,佐々清,船橋,大久保秀一,富田恭司,,,0-0-0-3,0-0-0-3,0-0-0-0,0-0-0-3,0-0-0-2,1:20.1,良1:20.1,,,,,1
船橋,20260825,3,1,白,1,クラバエル,牡,3,黒鹿毛,20230406,エピカリス,クラキングレディ,リンドシェーバー,藤本現,大井,56,0-0-0-3,伊藤滋,船橋,（株）サンエアー,倉見牧場,,,1-0-5-17,0-0-0-11,1-0-5-6,0-0-0-8,0-0-0-8,1:17.7,良1:17.7,,,,,1
船橋,20260825,3,2,黒,2,マリノレーヴェ,牝,3,黒鹿毛,20230312,マテラスカイ,マリノサクセス,ヴィクトワールピサ,本橋孝,船橋,54,0-0-0-1,石井勝,船橋,サンエツ企画（有）,クラウン日高牧場,,,0-0-1-5,0-0-0-3,0-0-1-2,0-0-0-2,0-0-0-2,1:18.1,良1:18.1,,,,,1
船橋,20260825,3,3,赤,3,ゴッドブラウン,牝,3,栗毛,20230516,ワールドプレミア,ジュンヴァドス,スクリーンヒーロー,本田重,船橋,54,0-1-1-1,川島一,船橋,佐藤昭人,マリオステーブル,,,0-1-2-2,0-1-2-2,0-0-0-0,0-1-2-2,0-1-2-1,1:17.9,良1:17.9,,,,,1
船橋,20260825,3,4,青,4,ゴーレム,牡,3,栗毛,20230411,ロゴタイプ,マダムメガミ,マヤノトップガン,野畑凌,川崎,56,0-0-0-0,渋谷博,船橋,篠原徹,及川ミツ子,,,0-1-1-10,0-1-1-10,0-0-0-0,0-1-1-9,0-1-1-9,1:16.3,良1:16.3,,,,,1
船橋,20260825,3,5,黄,5,ブライティアメール,牝,3,栗毛,20230428,トゥザワールド,ノードラメール,"Rock of Gibraltar",岡村健,船橋,54,1-0-0-2,山田信,船橋,小林昌志,川向高橋育成牧場,,,1-0-0-6,1-0-0-6,0-0-0-0,1-0-0-6,1-0-0-6,1:18.1,良1:18.1,,,,,1
船橋,20260825,3,6,緑,6,ドジッコ,牝,3,鹿毛,20230420,ミッキーグローリー,ココロチラリ,エアジハード,濱田達,船橋,54,0-0-0-1,伊藤滋,船橋,内田玄祥,コスモヴューファーム,,,0-1-1-8,0-1-1-8,0-0-0-0,0-1-1-8,0-1-1-7,1:17.6,良1:17.6,,,,,1
船橋,20260825,4,1,白,1,プリンセスサクラ,牝,5,黒鹿毛,20210510,カレンブラックヒル,クールグレース,フォーティナイナー,秋元耕,浦和,54,0-0-0-3,薮口一,浦和,（有）総武開発,高昭牧場,,,3-6-2-17,2-4-2-15,1-2-0-2,0-0-0-0,0-0-0-0,,,,,,,1
船橋,20260825,4,2,黒,2,テリオスボス,牡,5,黒鹿毛,20210504,タリスマニック,モモイロアゲハ,ダンスインザダーク,和田譲,大井,56,0-1-0-2,佐々功,船橋,（同）ＪＰＮ技研,米田牧場,,,1-8-6-36,0-4-5-23,1-4-1-13,0-4-3-14,0-4-3-13,1:38.0,良1:38.0,,,,,1
船橋,20260825,4,3,赤,3,サージ,セン,4,栗毛,20220404,ヘニーヒューズ,ニュアージュドール,ディープスカイ,中山遥,浦和,☆55,1-0-1-2,宇野博,浦和,渋谷陽,笠松牧場,,,2-1-2-6,2-1-2-6,0-0-0-0,1-0-0-1,1-0-0-1,1:39.1,良1:39.1,,,,,1
船橋,20260825,4,4,青,4,ウェカピポ,牡,4,黒鹿毛,20220315,ルーラーシップ,アールマティーニ,Majesticperfection,岡村健,船橋,56,0-0-0-0,山田信,船橋,西村健,前谷牧場,,,3-2-0-11,1-2-0-6,2-0-0-3,1-2-0-6,1-1-0-3,1:38.1,良1:38.1,,,,,1
船橋,20260825,4,5,黄,5,エクレールスカイ,牡,7,黒鹿毛,20190516,シルバーステート,アレグリアス,フォーティナイナー,山口達,船橋,56,3-3-9-20,林正人,船橋,（有）太盛,橋本牧場,,,3-3-11-22,3-3-11-22,0-0-0-0,3-3-10-19,2-2-5-10,1:36.9,良1:36.9,,,,,1
船橋,20260825,4,5,黄,6,サトノオリエンタル,牝,4,鹿毛,20220128,リアルスティール,イースト,Frankel,笹川翼,大井,54,1-1-0-0,石崎駿,船橋,里見治,ノーザンファーム,,,2-1-1-0,2-1-0-0,0-0-1-0,2-1-0-0,0-0-0-0,,,,,,,1
船橋,20260825,4,6,緑,7,オニムシャ,牡,4,黒鹿毛,20220310,シルバーステート,スパイチャクラ,Shamardal,所　蛍,船橋,☆55,0-0-0-1,玉井勝,船橋,（有）総武開発,鮫川啓一,,,0-0-1-22,0-0-0-13,0-0-0-0,0-0-0-6,0-0-0-3,1:39.4,良1:39.4,,,,,1
船橋,20260825,4,6,緑,8,ガンバリキ,牝,5,青鹿毛,20210321,ロゴタイプ,アルマエルモ,クロフネ,沖響主,船橋,▲51,0-0-0-0,岩崎真,船橋,吉野智博,イワミ牧場,,,7-4-2-20,0-0-0-5,7-4-2-5,0-0-0-5,0-0-0-4,1:39.0,良1:39.0,,,,,1
船橋,20260825,4,7,橙,9,ルナーサウスポール,牡,7,栗毛,20190314,アドマイヤムーン,サウスキャロライナ,ステイゴールド,臼井健,船橋,56,2-8-5-17,凾館一,船橋,大島光二,坂東牧場,,,3-10-5-24,3-10-5-19,0-0-0-0,3-9-5-13,2-6-3-9,1:36.6,良1:36.6,,,,,1
船橋,20260825,4,7,橙,10,キングブルズアイズ,セン,7,黒鹿毛,20190526,リオンディーズ,ダイワデリカシー,バブルガムフェロー,山中悠,船橋,56,0-1-0-0,山田信,船橋,（株）バスター,サカイファーム,,,6-7-2-11,6-7-2-11,0-0-0-0,0-2-1-2,0-0-0-0,,,,,,,1
船橋,20260825,4,8,桃,11,スカーレットクロス,牝,4,黒鹿毛,20220314,マジェスティックウォリアー,ネオヴェリーベリー,ホワイトマズル,仲野光,船橋,54,1-1-0-1,渡邊貴,船橋,佐々木徹,シンユウフアーム,,,3-5-2-13,2-4-2-7,1-1-0-4,1-1-0-1,1-1-0-0,1:38.6,良1:38.6,,,,,1
船橋,20260825,4,8,桃,12,アドラマリク,牡,4,黒鹿毛,20220306,パイロ,アドリア,ヴィクトワールピサ,ゴンサ,船橋,56,0-0-0-0,新井清,船橋,（株）レックス,船越牧場,,,4-2-1-15,3-1-1-12,1-1-0-3,2-0-1-7,2-0-0-2,1:38.1,良1:38.1,,,,,1
船橋,20260825,5,1,白,1,オパールグリーン,牝,3,鹿毛,20230327,シルバーステート,カシシ,ジャングルポケット,保園翔,浦和,54,0-0-1-3,川村守,浦和,伊藤弘泰,静内山田牧場,,,0-2-2-9,0-2-2-9,0-0-0-0,0-0-0-0,0-0-0-0,,,,,,,1
船橋,20260825,5,2,黒,2,ライトネス,牝,3,鹿毛,20230515,マテラスカイ,オリョウ,アンライバルド,及川烈,浦和,54,0-0-0-0,長谷忍,浦和,下川欣一,高澤正幸,,,1-2-2-10,0-1-1-5,1-1-1-5,0-0-1-0,0-0-1-0,1:16.9,良1:16.9,,,,,1
船橋,20260825,5,3,赤,3,ウィルスカイ,牡,3,鹿毛,20230425,マテラスカイ,オールトゥーウェル,ハーツクライ,山中悠,船橋,56,0-1-0-0,渡邊貴,船橋,高橋千恵子,株式会社アフリートフ,,,3-3-1-12,0-1-0-0,3-2-1-12,0-1-0-0,0-1-0-0,1:18.0,良1:18.0,,,,,1
船橋,20260825,5,4,青,4,ラヴィエベル,牝,3,栗毛,20230330,レッドファルクス,ペネトレイト,ネオユニヴァース,所　蛍,船橋,☆53,1-0-0-3,齊藤敏,船橋,三瓶敏恭,新井昭二牧場,,,1-0-0-6,1-0-0-6,0-0-0-0,1-0-0-6,1-0-0-6,1:18.1,良1:18.1,,,,,1
船橋,20260825,5,5,黄,5,マサッキー,牝,3,鹿毛,20230510,ダイワメジャー,リラックススマイル,"Dubai Destination",臼井健,船橋,54,1-1-0-6,岩崎真,船橋,（株）Ｗプロパティー,日高大洋牧場,,,1-1-0-6,1-1-0-6,0-0-0-0,1-1-0-4,1-1-0-3,1:18.0,良1:18.0,,,,,1
船橋,20260825,5,5,黄,6,チョンチョロチョン,牝,3,栗毛,20230221,フィレンツェファイア,アラーラム,ダイワメジャー,室陽一,浦和,54,0-0-0-2,宇野博,浦和,内田玄祥,大狩部牧場,,,1-0-0-3,1-0-0-3,0-0-0-0,0-0-0-0,0-0-0-0,,,,,,,1
船橋,20260825,5,6,緑,7,ナックナック,牝,3,栗毛,20230311,フリオーソ,ミッキーダイモンド,アメリカンペイトリオット,木間龍,船橋,54,0-2-1-10,矢野義,船橋,中村陽介,大栄牧場,,,0-2-1-11,0-2-1-11,0-0-0-0,0-1-1-10,0-1-0-7,1:18.2,良1:18.2,,,,,1
船橋,20260825,5,6,緑,8,ジオパークムーン,牝,3,栗毛,20230330,グロリアスノア,ジェネシスムーン,タイセイレジェンド,沖響主,船橋,▲51,0-0-0-0,岩崎真,船橋,小関勝紀,様似共栄牧場,,,1-0-1-3,1-0-1-3,0-0-0-0,1-0-1-3,1-0-0-1,1:17.5,良1:17.5,,,,,1
船橋,20260825,5,7,橙,9,トーヤマノゴールド,牡,3,青鹿毛,20230313,ホッコータルマエ,カワカミマゴコロ,パイロ,岡村健,船橋,56,0-0-1-1,山中尊,船橋,小林祐介,三石川上牧場,,,0-0-4-8,0-0-4-8,0-0-0-0,0-0-4-6,0-0-4-4,1:17.1,良1:17.1,,,,,1
船橋,20260825,5,7,橙,10,ランドフスカ,牝,3,栗毛,20230417,タイセイレジェンド,クリストフォリ,ヘニーヒューズ,和田譲,大井,54,1-0-0-0,新井清,船橋,（株）ＹＧＧホースクラブ,株式会社奥山ファーム,,,1-1-3-8,1-0-0-1,0-1-3-7,1-0-0-1,1-0-0-1,1:18.1,良1:18.1,,,,,1
船橋,20260825,5,8,桃,11,ハリッサ,牝,3,栗毛,20230330,ジャスタウェイ,リラカノープス,Galileo,中山遥,浦和,☆53,0-2-1-8,水野貴,浦和,長橋秀雄,門別尚省,,,0-2-1-14,0-2-1-14,0-0-0-0,0-0-0-3,0-0-0-0,,,,,,,1
船橋,20260825,5,8,桃,12,エターナルフィズ,牝,3,鹿毛,20230304,キャプテンキング,ジョイ,ストロングリターン,ゴンサ,船橋,54,0-0-0-0,玉井昇,船橋,鈴木正浩,横井直美,,,0-1-3-9,0-1-3-9,0-0-0-0,0-0-2-7,0-0-2-6,1:17.4,良1:18.1,,,,,1
船橋,20260825,6,1,白,1,マケタラアカン,牡,5,芦毛,20210220,バゴ,バオバブ,クロフネ,笠野雄,船橋,56,0-2-2-23,佐々清,船橋,萩原和矢,中脇満,,,0-2-3-44,0-2-3-34,0-0-0-6,0-1-2-22,0-1-2-15,1:16.2,良1:16.2,,,,,1
船橋,20260825,6,2,黒,2,レガシーオブエリザ,牝,5,黒鹿毛,20210208,スワーヴリチャード,ワシントンレガシー,クロフネ,所　蛍,船橋,☆53,0-0-0-1,阿井正,船橋,（有）総武開発,ノーザンファーム,,,0-1-2-22,0-0-1-11,0-0-0-9,0-0-1-6,0-0-0-1,1:17.6,良1:17.6,,,,,1
船橋,20260825,6,3,赤,3,ナムラミック,牡,5,鹿毛,20210407,デクラレーションオブウォー,ナムラマミー,ディープインパクト,見越彬,浦和,56,0-0-0-0,川島豊,浦和,（株）ファーストビジョン,オカモトファーム,,,5-2-3-34,0-1-0-5,5-1-3-27,0-0-0-1,0-0-0-1,1:18.1,良1:18.1,,,,,1
船橋,20260825,6,4,青,4,アトラクトラン,セン,4,黒鹿毛,20220426,シャンハイボビー,ヒワラニ,ディープインパクト,岡村健,船橋,56,1-0-0-0,川島一,船橋,岡村善行,畠山牧場,,,1-2-2-7,1-2-1-1,0-0-0-2,1-2-1-1,1-2-1-1,1:15.5,良1:16.4,,,,,1
船橋,20260825,6,5,黄,5,エスケイキャット,牝,6,黒鹿毛,20200509,フリオーソ,イセノラヴィソン,ファスリエフ,藤本現,大井,54,3-3-4-7,林正人,船橋,伊藤輔則,静内フジカワ牧場,,,4-5-4-16,4-5-4-16,0-0-0-0,4-4-4-14,4-4-4-11,1:15.5,良1:15.5,,,,,1
船橋,20260825,6,5,黄,6,サンスノーホワイト,牝,4,栗毛,20220328,サンダースノー,ラインハーディー,ゴールドアリュール,篠谷葵,船橋,54,1-0-1-4,石崎駿,船橋,米井新吾,株式会社ケイズ,,,1-4-3-20,1-0-1-9,0-4-2-11,1-0-1-6,0-0-0-3,1:17.8,良1:18.3,,,,,1
船橋,20260825,6,6,緑,7,アンサーパスト,セン,5,栗毛,20210209,ニューイヤーズデイ,エイブルインレース,フジキセキ,中山遥,浦和,☆55,3-1-0-2,伊藤滋,船橋,（株）レックス,荒井ファーム,,,3-2-0-7,3-2-0-6,0-0-0-1,3-1-0-5,3-1-0-5,1:15.9,良1:15.9,,,,,1
船橋,20260825,6,6,緑,8,スターアイズ,牝,4,鹿毛,20220411,ルヴァンスレーヴ,スノードリーム,スウェプトオーヴァーボード,沖響主,船橋,▲51,0-0-0-1,林　幻,船橋,猪俣文行,前谷牧場,,,1-0-0-16,1-0-0-11,0-0-0-4,1-0-0-9,1-0-0-8,1:15.3,良1:15.3,,,,,1
船橋,20260825,6,7,橙,9,スターガッツマン,牡,5,鹿毛,20210416,サトノアラジン,スターインパルス,サウスヴィグラス,川島正,船橋,56,1-1-0-4,岩崎真,船橋,大島光二,西村牧場,,,2-6-4-27,1-3-2-12,1-3-2-15,1-3-2-11,1-3-2-9,1:15.5,良1:15.5,,,,,1
船橋,20260825,6,7,橙,10,シェルヴァレイ,牡,4,黒鹿毛,20220203,エポカドーロ,マイネフェニーチェ,ブライアンズタイム,木間龍,船橋,56,0-0-0-1,齊藤敏,船橋,村田愼哉,前川義則,,,0-1-2-21,0-1-2-21,0-0-0-0,0-1-1-7,0-1-1-5,1:17.1,良1:17.1,,,,,1
船橋,20260825,6,8,桃,11,ヒロイックバイオ,牡,5,芦毛,20210310,ドレフォン,ヒカルトキメキ,クロフネ,山口達,船橋,56,0-0-0-0,玉井昇,船橋,田村忠正,中館牧場,,,3-3-5-24,1-3-3-18,2-0-2-6,0-1-2-11,0-1-2-10,1:14.7,良1:14.7,,,,,1
船橋,20260825,6,8,桃,12,マジカルレインボー,牝,4,栗毛,20220227,ダイワメジャー,スウィートショット,"Trappe Shot",山本大,船橋,△52,0-2-1-2,阿井正,船橋,田頭勇貴,浜本牧場,,,0-3-3-18,0-3-2-9,0-0-1-9,0-3-1-4,0-2-1-4,1:17.0,良1:17.0,,,,,1
船橋,20260825,7,1,白,1,コルネイユドール,牝,4,栗毛,20220308,マインドユアビスケッツ,アリンナ,マツリダゴッホ,西村栄,船橋,54,0-0-0-1,佐々清,船橋,（有）総武開発,岡田スタツド,,,0-1-0-20,0-0-0-13,0-0-0-2,0-0-0-10,0-0-0-6,1:17.2,良1:17.2,,,,,1
船橋,20260825,7,2,黒,2,ソーヴキプ,牝,6,青鹿毛,20200323,ドリームバレンチノ,エーメ,バトルプラン,秋元耕,浦和,54,0-0-0-8,渋谷博,船橋,（同）ソーテーリア,荻伏三好フアーム,,,3-0-1-57,3-0-1-56,0-0-0-1,1-0-0-36,1-0-0-25,1:15.1,良1:15.1,,,,,1
船橋,20260825,7,3,赤,3,オールトソリス,牡,5,鹿毛,20210304,ディスクリートキャット,エアティアーモ,ロージズインメイ,本田重,船橋,56,1-1-0-0,佐藤太,船橋,桑野隆司,社台ファーム,,,3-5-1-4,3-5-1-4,0-0-0-0,3-5-1-4,2-5-1-3,1:15.8,良1:15.9,,,,,1
船橋,20260825,7,4,青,4,イーオレイ,牡,4,鹿毛,20220322,ノーブルミッション,アドマイヤルミナス,エピファネイア,仲野光,船橋,56,0-1-0-5,阿井正,船橋,石井智,辻牧場,,,0-2-5-8,0-1-0-5,0-1-5-3,0-0-0-4,0-0-0-4,1:17.5,良1:17.5,,,,,1
船橋,20260825,7,5,黄,5,フィオーレ,牝,4,黒鹿毛,20220408,ルヴァンスレーヴ,ホームゲーム,オレハマッテルゼ,笠野雄,船橋,54,1-0-1-4,林　幻,船橋,平川三津,高橋陵,,,4-2-2-9,1-0-2-6,3-2-0-2,1-0-1-6,1-0-1-4,1:17.0,良1:17.0,,,,,1
船橋,20260825,7,5,黄,6,アルセリア,牝,6,鹿毛,20200513,キズナ,オウケンクイーン,"King's Best",篠谷葵,船橋,54,2-0-2-5,林正人,船橋,栗坂崇,中神牧場,,,2-4-5-18,2-3-3-14,0-0-2-3,1-0-3-13,0-0-1-4,1:16.3,良1:18.4,,,,,1
船橋,20260825,7,6,緑,7,ワールドクライシス,牡,4,鹿毛,20220504,タワーオブロンドン,シャインパーミット,ファルブラヴ,ゴンサ,船橋,56,0-0-0-0,新井清,船橋,日下部勝徳,上野正恵,,,1-2-1-5,1-2-1-5,0-0-0-0,1-2-1-5,1-2-1-4,1:16.0,良1:16.0,,,,,1
船橋,20260825,7,6,緑,8,セキテイジュウオー,セン,7,芦毛,20190512,ザファクター,ファストムーン,アドマイヤムーン,張田昂,船橋,56,2-4-4-3,張田京,船橋,杉山元洋,千葉飯田牧場,,,7-8-7-28,5-6-6-20,2-2-1-8,3-5-4-12,3-5-4-11,1:15.0,良1:15.0,,,,,1
船橋,20260825,7,7,橙,9,リュウノマキロイ,牡,7,黒鹿毛,20190226,リオンディーズ,バンドゥッチ,Rossini,野澤憲,船橋,56,2-1-4-4,齊藤敏,船橋,蓑島竜一,千代田牧場,,,7-3-8-18,3-2-6-10,4-1-2-7,3-2-6-9,0-2-1-7,1:14.7,良1:14.7,,,,,1
船橋,20260825,7,7,橙,10,ミスターアルデ,牡,4,鹿毛,20220321,アルデバラン2,ホワイトパラソル,メイショウサムソン,山中悠,船橋,56,0-0-0-1,阿井正,船橋,（株）心頼ＬｏｏＰ,安田和男,,,0-0-3-19,0-0-3-19,0-0-0-0,0-0-3-19,0-0-3-14,1:15.6,良1:15.6,,,,,1
船橋,20260825,7,8,桃,11,エウクレイア,牝,4,鹿毛,20220301,ミッキーグローリー,ヤマサラグランジュ,サクラバクシンオー,山口達,船橋,54,0-0-0-1,米谷康,船橋,（株）レックス,岡田スタツド,,,5-1-2-10,4-1-2-7,1-0-0-3,2-1-0-5,0-0-0-1,1:16.9,良1:16.9,,,,,1
船橋,20260825,7,8,桃,12,メタルハート,牝,5,青鹿毛,20210302,リオンディーズ,ミスハレクラニ,シンボリクリスエス,小杉亮,船橋,54,0-0-0-1,玉井昇,船橋,田村忠正,秋場牧場,,,1-3-2-15,1-3-2-10,0-0-0-5,0-0-0-1,0-0-0-1,1:16.8,良1:16.8,,,,,1
船橋,20260825,8,1,白,1,フォースゲイト,牡,5,鹿毛,20210220,トゥザワールド,ピサノロマン,コマンダーインチーフ,西啓太,大井,56,0-0-0-3,山崎裕,川崎,嶋田武彦,株式会社安達牧場,,,5-3-1-9,5-3-1-9,0-0-0-0,0-0-0-0,0-0-0-0,,,,,,,1
船橋,20260825,8,2,黒,2,アウフグース,牡,3,鹿毛,20230409,ニューイヤーズデイ,レッドアランダ,ディープインパクト,山中悠,船橋,55,1-0-0-2,小久智,浦和,山口裕介,上水牧場,,,3-1-1-5,2-1-1-3,1-0-0-2,0-1-1-1,0-0-0-0,,,,,,,1
船橋,20260825,8,3,赤,3,トールハンマー,牡,4,黒鹿毛,20220522,イスラボニータ,ケージーメグミ,キングカメハメハ,庄司大,船橋,56,0-0-0-0,川島一,船橋,川上武志,マリオステーブル,,,4-8-3-4,3-4-1-2,1-4-2-2,3-4-1-2,2-2-1-2,1:14.9,良1:14.9,,,,,1
船橋,20260825,8,4,青,4,ヒーローショー,牡,5,鹿毛,20210525,ホッコータルマエ,スターライラック,シニスターミニスター,臼井健,船橋,56,0-0-0-0,張田京,船橋,村田愼哉,庄野牧場,,,4-4-1-13,4-4-1-13,0-0-0-0,4-4-1-10,0-0-0-2,1:15.2,良1:15.2,,,,,1
船橋,20260825,8,5,黄,5,ファストレーン,牡,5,鹿毛,20210305,リアルスティール,フライングニンバス,"Awesome Again",ゴンサ,船橋,56,0-0-0-0,山下之,船橋,（株）シンザンクラブ,上水牧場,,,5-5-0-6,2-5-0-3,3-0-0-3,0-4-0-1,0-4-0-1,1:12.9,良1:12.9,,,,,1
船橋,20260825,8,5,黄,6,ヤギリドリーム,牡,4,鹿毛,20220428,ダノンレジェンド,ヤギリヴィーナス,コンデュイット,川島正,船橋,56,0-0-0-0,張田京,船橋,内田ヤエ子,桑嶋峰雄,,,4-3-2-8,4-3-2-8,0-0-0-0,4-2-2-8,4-2-1-8,1:15.0,良1:15.0,,,,,1
船橋,20260825,8,6,緑,7,キャッスルシオン,牝,6,鹿毛,20200524,バトルプラン,キャッスルローズ,スターリングローズ,和田譲,大井,54,1-3-0-5,渋谷博,船橋,城市公,城市公,,,3-6-5-34,3-6-5-32,0-0-0-2,2-5-4-25,2-1-2-15,1:14.7,良1:14.7,,,,,1
船橋,20260825,8,6,緑,8,サンリコリス,牝,5,栗毛,20210511,スマートファルコン,サンマディソン,シニスターミニスター,本田重,船橋,54,1-0-0-1,米谷康,船橋,山崎祐嗣,株式会社ケイズ,,,3-0-6-11,2-0-2-6,1-0-4-5,1-0-0-2,1-0-0-2,1:15.1,良1:15.1,,,,,1
船橋,20260825,8,7,橙,9,チェルカトローヴァ,牡,6,栗毛,20200318,スマートファルコン,ロサガリカ,フレンチデピュティ,木間龍,船橋,56,3-3-3-22,矢野義,船橋,（株）Ｎｉｃｋｓ,静内山田牧場,,,3-4-4-28,3-4-4-26,0-0-0-2,2-2-4-15,1-1-2-8,1:13.7,良1:13.7,,,,,1
船橋,20260825,8,7,橙,10,アトレーヴフェイス,牡,3,栗毛,20230416,オーヴァルエース,マラン,カジノドライヴ,張田昂,船橋,55,4-1-1-0,張田京,船橋,村山詠一,山岡牧場,,,4-1-1-1,4-1-1-0,0-0-0-1,4-1-1-0,3-1-1-0,1:14.6,良1:14.6,,,,,1
船橋,20260825,8,8,桃,11,エムティワイザー,牡,4,黒鹿毛,20220314,フリオーソ,エムオールビー,エムオーウイナー,古岡勇,川崎,56,1-1-2-1,山崎裕,川崎,（株）門別牧場,門別牧場,,,3-4-4-8,3-4-4-8,0-0-0-0,0-1-0-0,0-1-0-0,1:15.2,良1:15.2,,,,,1
船橋,20260825,8,8,桃,12,フークアンビション,牡,3,栗毛,20230327,モーニン,ハタノレジーナ,アイルハヴアナザー,藤原幹,船橋,55,0-0-0-1,米谷康,船橋,福岡隆史,サンシャイン牧場,,,1-3-5-5,1-3-5-3,0-0-0-2,1-3-4-2,1-2-4-2,1:14.8,良1:14.8,,,,,1
船橋,20260825,9,1,白,1,ウォールローゼ,牡,3,鹿毛,20230331,サトノダイヤモンド,ダイカグラ,ジャスタウェイ,達城龍,大井,56,0-0-2-1,山中尊,船橋,篠原徹,折手牧場,,,0-1-4-12,0-1-4-10,0-0-0-2,0-1-4-7,0-0-4-4,1:38.3,良1:38.3,,,,,1
船橋,20260825,9,2,黒,2,ボーゲンモーント,牡,3,芦毛,20230221,レッドファルクス,マーモリー,"Tiger Hill",山口達,船橋,56,1-1-0-6,林正人,船橋,ウエスト．フォレスト．ステイブル（株）,クラウン日高牧場,,,1-1-0-6,1-1-0-6,0-0-0-0,1-1-0-6,1-0-0-4,1:38.7,良1:38.7,,,,,1
船橋,20260825,9,3,赤,3,コマサ,牡,3,鹿毛,20230421,モーニン,グラナディラ,ファスリエフ,御神訓,大井,56,0-0-0-0,矢野義,船橋,菊地博,ノースガーデン,,,2-1-0-1,2-1-0-1,0-0-0-0,2-1-0-1,1-0-0-0,1:38.6,良1:38.6,,,,,1
船橋,20260825,9,4,青,4,サリーレチーマ,セン,3,栗毛,20230424,アジアエクスプレス,カーナヴァル,ダンスインザダーク,篠谷葵,船橋,56,2-0-0-2,川島一,船橋,大久保和夫,オリエント牧場,,,2-0-1-6,2-0-0-2,0-0-1-4,2-0-0-2,0-0-0-1,1:39.8,良1:39.8,,,,,1
船橋,20260825,9,4,青,5,エルアン,牡,3,栗毛,20230223,アドマイヤマーズ,グレイスアン,ディープブリランテ,所　蛍,船橋,☆55,0-0-0-0,田中力,船橋,程田健司,木村牧場,,,0-0-2-8,0-0-1-2,0-0-0-2,0-0-0-0,0-0-0-0,,,,,,,1
船橋,20260825,9,5,黄,6,オオイシフジノハナ,牡,3,栗毛,20230405,モーニン,スペリオルダンサー,アグネスタキオン,藤本現,大井,56,1-0-1-6,林正人,船橋,大石正和,田中春美,,,1-0-1-7,1-0-1-7,0-0-0-0,1-0-1-5,0-0-1-2,1:39.0,良1:39.0,,,,,1
船橋,20260825,9,5,黄,7,リプサリス,セン,3,栗毛,20230303,カレンブラックヒル,リヴェールブリス,アンライバルド,小杉亮,船橋,56,0-1-4-4,伊藤滋,船橋,伊達泰明,サンシャイン牧場,,,1-1-5-7,1-1-4-4,0-0-1-3,0-1-4-3,0-1-2-3,1:39.6,良1:39.6,,,,,1
船橋,20260825,9,6,緑,8,サウンドコネクト,セン,3,鹿毛,20230406,サートゥルナーリア,サウンドキアラ,ディープインパクト,山中悠,船橋,56,0-1-0-0,佐藤太,船橋,西村健,社台ファーム,,,2-2-0-8,1-1-0-1,1-1-0-5,1-1-0-1,1-1-0-1,1:38.0,良1:38.0,,,,,1
船橋,20260825,9,6,緑,9,ジュンピリカ,牡,3,栗毛,20230222,ダンカーク,プンタレオナ,ヘニーヒューズ,張田昂,船橋,56,0-0-3-0,張田京,船橋,河合純二,ウエスタンファーム,,,1-0-3-2,1-0-3-2,0-0-0-0,1-0-2-2,0-0-1-0,1:39.6,良1:39.6,,,,,1
船橋,20260825,9,7,橙,10,ナフセッド,牡,3,栗毛,20230410,アドマイヤマーズ,ホームタイム,"Dubai Destination",川島正,船橋,56,0-0-0-1,稲益貴,船橋,西村健,矢野牧場,,,1-2-1-10,1-0-1-3,0-2-0-6,1-0-1-2,1-0-1-2,1:38.3,良1:38.3,,,,,1
船橋,20260825,9,7,橙,11,レオソルジャー,牡,3,黒鹿毛,20230413,ダノンスマッシュ,マンディスキュア,シンボリクリスエス,仲野光,船橋,56,1-1-3-2,渡邊貴,船橋,田中博之,広富牧場,,,1-1-3-2,1-1-3-2,0-0-0-0,1-1-3-2,1-0-2-2,1:38.4,良1:38.4,,,,,1
船橋,20260825,9,8,桃,12,マオノハイジ,牝,3,栗毛,20230409,トビーズコーナー,カズノスカーレット,アグネスフライト,藤原幹,船橋,54,0-0-0-1,渋谷博,船橋,湯浅健司,中山牧場,,,0-2-2-8,0-2-2-8,0-0-0-0,0-2-2-8,0-1-0-2,1:39.2,良1:39.2,,,,,1
船橋,20260825,9,8,桃,13,オスマンサス,牡,3,栗毛,20230416,プレティオラス,コルディリエーラ,キャプテントゥーレ,笹川翼,大井,56,0-0-0-0,米谷康,船橋,根岸雄太,サンシャイン牧場,,,1-0-3-10,0-0-3-5,1-0-0-5,0-0-3-5,0-0-1-1,1:38.3,良1:38.3,,,,,1
船橋,20260825,10,1,白,1,フォースチルドレン,牡,7,鹿毛,20190311,ビッグアーサー,ストロベリーパフェ,ブライアンズタイム,木間龍,船橋,56,0-0-0-0,新井清,船橋,井手尾篤志,静内フジカワ牧場,,,4-15-8-31,3-14-7-18,1-1-1-11,2-6-1-3,0-3-0-3,1:15.1,良1:15.1,,,,,1
船橋,20260825,10,2,黒,2,セイショウフジ,牡,5,栗毛,20210430,モーニン,エルシェロアスール,アドマイヤジャパン,笠野雄,船橋,56,0-0-0-0,米谷康,船橋,岩崎暉男,山下恭茂,,,3-1-6-10,3-1-6-9,0-0-0-1,3-1-5-9,3-1-5-8,1:13.9,良1:13.9,,,,,1
船橋,20260825,10,3,赤,3,デュアルロンド,牡,5,栗毛,20210413,カレンブラックヒル,スカイワード,ティンバーカントリー,ゴンサ,船橋,56,0-0-0-0,岩崎真,船橋,坂田栄一,サンローゼン,,,2-3-2-25,0-0-1-10,2-3-1-14,0-0-0-5,0-0-0-2,1:14.5,良1:14.5,,,,,1
船橋,20260825,10,4,青,4,ズルタナイト,牡,3,栗毛,20230427,ニシケンモノノフ,ニシケンイチリン,バトルプラン,笹川翼,大井,55,0-0-0-0,小久智,浦和,近藤ひとみ,中川欽一,,,4-3-3-4,2-1-0-3,2-2-3-1,1-1-0-3,1-1-0-2,1:14.6,良1:15.6,,,,,1
船橋,20260825,10,5,黄,5,デザーヴ,牡,4,鹿毛,20220218,ディスクリートキャット,ミタイナ,Denman,本田重,船橋,56,5-2-0-1,川島一,船橋,小原準一郎,松田牧場,,,9-2-0-4,7-2-0-2,2-0-0-0,5-2-0-1,2-2-0-0,1:15.1,良1:15.1,,,,,1
船橋,20260825,10,5,黄,6,イッシンフラン,牝,4,黒鹿毛,20220303,シャンハイボビー,シルバーメール,ネオユニヴァース,澤田龍,船橋,54,1-0-1-0,新井清,船橋,豊原純弥,下河辺牧場,,,3-0-4-9,3-0-4-6,0-0-0-2,2-0-4-3,2-0-4-3,1:15.0,良1:15.4,,,,,1
船橋,20260825,10,6,緑,7,コスタデラルス,牡,4,青鹿毛,20220415,パイロ,ホウオウサファイア,サウスヴィグラス,岡村健,船橋,56,1-0-0-2,山本学,船橋,豊島愛子,山田政宏,,,3-1-1-18,1-0-0-3,2-1-1-11,0-0-0-2,0-0-0-2,1:16.1,良1:16.3,,,,,1
船橋,20260825,10,6,緑,8,ハーモニーロワ,牡,6,鹿毛,20200224,コパノリッキー,グロリアスバラッド,Kingmambo,高橋利,船橋,56,0-0-0-1,新井清,船橋,日下部勝徳,藤原牧場,,,4-2-7-16,4-2-7-16,0-0-0-0,2-0-5-13,0-0-4-11,1:14.7,良1:15.1,,,,,1
船橋,20260825,10,7,橙,9,リトルハバナ,牡,3,鹿毛,20230311,デクラレーションオブウォー,クリノサンスーシ,ベーカバド,中山遥,浦和,☆54,0-1-0-0,佐々功,船橋,鈴木栄進,木村牧場,,,2-3-0-4,2-3-0-4,0-0-0-0,2-3-0-4,1-1-0-2,1:15.1,良1:15.1,,,,,1
船橋,20260825,10,7,橙,10,キングペルレ,牡,3,青鹿毛,20230208,ルヴァンスレーヴ,ピンクペルレ,ヨハネスブルグ,篠谷葵,船橋,55,3-1-1-4,稲益貴,船橋,（株）Ｈｅｒｏレーシング,坂東牧場,,,3-1-1-5,3-1-1-5,0-0-0-0,3-1-1-4,1-0-1-1,1:14.7,良1:14.7,,,,,1
船橋,20260825,10,8,桃,11,マルヒロナイト,牡,5,栗毛,20210519,モーニン,キタサンロングラン,アドマイヤムーン,仲野光,船橋,56,4-3-1-17,玉井等,船橋,廣川直樹,カタオカステーブル,,,4-3-3-22,4-3-3-22,0-0-0-0,4-3-3-22,4-3-3-20,1:14.7,良1:14.7,,,,,1
船橋,20260825,10,8,桃,12,クラバルバトス,牝,8,芦毛,20180422,セイントアレックス,クラビッグレディ,ブラックタイアフェアー,藤本現,大井,54,0-0-0-0,伊藤滋,船橋,（株）サンエアー,倉見牧場,,,4-5-6-65,2-5-5-53,2-0-1-12,1-5-5-43,1-4-5-38,1:14.1,良1:14.7,,,,,1
船橋,20260825,11,1,白,1,モズハッピーロード,牡,8,鹿毛,20180414,"Medaglia d'Oro",Overheard,"Macho Uno",七夕裕,浦和,57,3-2-1-9,海馬司,浦和,齋藤直樹,ＰｉｎＯａｋＳｔｕｄ,,,9-10-3-35,8-8-2-32,1-2-1-2,1-0-1-6,0-0-0-5,1:44.4,良1:44.4,,,,,1
船橋,20260825,11,2,黒,2,レオスパーク,牡,5,青鹿毛,20210223,カレンブラックヒル,ミヤビキャッスル,マンハッタンカフェ,實川純,船橋,55,0-0-0-0,渡邊貴,船橋,田中博之,金石牧場,,,2-1-2-22,2-1-1-17,0-0-1-5,0-0-0-9,0-0-0-5,1:43.3,良1:43.3,,,,,1
船橋,20260825,11,3,赤,3,カレンタクト,牝,5,鹿毛,20210415,ヘニーヒューズ,ダノンパンサー,ノヴェリスト,川島正,船橋,53,1-4-0-4,大津剛,船橋,飯田貴大,千代田牧場,,,1-5-4-17,1-5-3-17,0-0-1-0,1-2-0-6,1-2-0-6,1:42.1,良1:42.1,,,,,1
船橋,20260825,11,3,赤,4,ルーラーオブダート,牡,5,鹿毛,20210220,ルーラーシップ,スアデラ,ゴールドアリュール,保園翔,浦和,55,2-1-0-6,川島一,船橋,吉田照哉,（有）社台コーポレー,,,4-3-3-16,2-1-1-7,2-1-2-9,2-1-0-6,2-1-0-6,1:41.5,良1:41.5,,,,,1
船橋,20260825,11,4,青,5,ベルガラス,牡,5,青毛,20210511,トゥザワールド,コロニアルディーバ,コロニアルアッフェアー,岡村健,船橋,57,0-4-5-23,齊藤敏,船橋,杉浦和也,サンローゼン,,,1-4-7-40,1-4-7-40,0-0-0-0,1-3-4-26,0-1-1-6,1:43.9,良1:44.3,,,,,1
船橋,20260825,11,4,青,6,アダムスアップル,牝,4,鹿毛,20220408,ディスクリートキャット,ミスアシング,キングカメハメハ,山本大,船橋,△51,1-1-1-1,佐藤太,船橋,岡田牧雄,タニグチ牧場,,,4-3-3-3,3-3-2-3,1-0-1-0,3-2-2-3,1-1-0-1,1:42.9,良1:42.9,,,,,1
船橋,20260825,11,5,黄,7,ハニートースト,牡,6,鹿毛,20200322,シニスターミニスター,ハニーバニー,メイショウボーラー,藤本現,大井,57,0-0-0-0,佐々功,船橋,豊島愛子,高橋フアーム,,,5-7-4-14,0-0-0-1,5-7-4-13,0-0-0-1,0-0-0-0,,,,,,,1
船橋,20260825,11,5,黄,8,ハセノガイセン,牡,3,黒鹿毛,20230409,カリフォルニアクローム,クライオブザソウル,ハーツクライ,張田昂,船橋,54,2-3-1-2,張田京,船橋,長谷川文夫,村田牧場,,,2-3-1-2,2-3-1-2,0-0-0-0,2-3-1-2,0-2-1-0,1:43.7,良1:43.7,,,,,1
船橋,20260825,11,6,緑,9,オンザスクエア,牝,4,鹿毛,20220328,Vekoma,サーティーンスクエアド,Liaison,ゴンサ,船橋,53,0-0-0-0,山下之,船橋,（株）社台レースホース,（有）社台コーポレー,,,2-1-0-8,0-1-0-6,2-0-0-1,0-0-0-2,0-0-0-2,1:44.9,良1:44.9,,,,,1
船橋,20260825,11,6,緑,10,アレスエルピーダ,牡,5,鹿毛,20210228,サトノアレス,アンドモアアゲイン,"Distorted Humor",和田譲,大井,57,4-2-0-1,稲益貴,船橋,（株）ノルマンディーサラブレッドレーシング,松田牧場,,,5-6-1-19,3-2-1-10,2-4-0-8,3-1-0-2,1-1-0-1,1:43.0,良1:43.0,,,,,1
船橋,20260825,11,7,橙,11,キングオブカズ,牡,8,鹿毛,20180504,アドマイヤマックス,ツルマイクィーン,メジロマックイーン,小杉亮,船橋,55,1-3-0-13,矢内博,船橋,石井智,細川牧場,,,5-8-6-27,5-8-6-26,0-0-0-1,4-5-5-19,3-5-4-13,1:43.4,良1:43.6,,,,,1
船橋,20260825,11,7,橙,12,セレクティオ,牡,6,栗毛,20200330,ジャスタウェイ,キーポケット,デヒア,笹川翼,大井,57,0-2-0-1,森泰斗,船橋,（株）マフィン,村下農場,,,2-3-2-18,2-2-0-9,0-1-2-8,0-1-0-3,0-0-0-1,1:44.5,良1:44.5,,,,,1
船橋,20260825,11,8,桃,13,ブルーパッション,牝,4,鹿毛,20220511,ディスクリートキャット,プレイアップ,"Redoute's Choice",木間龍,船橋,55,1-2-4-6,矢野義,船橋,石瀬浩三,ハクツ牧場,,,2-2-4-12,2-2-4-12,0-0-0-0,2-2-4-8,1-0-1-3,1:43.2,良1:43.2,,,,,1
船橋,20260825,11,8,桃,14,ピエフォール,牡,6,鹿毛,20200121,リアルスティール,ウォッチハー,Mutakddim,本田重,船橋,57,0-0-0-0,米谷康,船橋,（株）ＷｉｎｎｉｎｇＨｏｒｓｅＣｌｕｂ,吉田俊介,,,3-3-2-17,3-3-2-17,0-0-0-0,1-1-2-8,1-0-0-7,1:43.1,良1:43.1,,,,,1
船橋,20260825,12,1,白,1,アレグリアシチー,牡,9,栃栗毛,20170412,ジャスタウェイ,クリールダイナー,ロックオブジブラルタル,臼井健,船橋,56,1-0-0-6,凾館一,船橋,市ノ澤創,杵臼牧場,,,10-7-2-33,10-7-2-22,0-0-0-0,2-3-0-8,0-0-0-0,,,,,,,1
船橋,20260825,12,2,黒,2,レッドゲート,牝,5,栗毛,20210130,オルフェーヴル,クリスタルキャノン,クロフネ,七夕裕,浦和,54,0-0-0-3,工藤伸,浦和,北原大史,浜本牧場,,,9-2-2-21,2-1-1-8,7-1-1-11,0-0-0-2,0-0-0-0,,,,,,,1
船橋,20260825,12,3,赤,3,ビービーシャーンス,牡,6,黒鹿毛,20200423,ラニ,エスプリドゥルミエ,ジャングルポケット,菅原吏,船橋,▲53,1-0-0-4,玉井昇,船橋,谷野健,松田牧場,,,7-4-5-28,4-1-4-25,3-3-1-3,1-1-2-11,0-0-0-4,1:59.0,良1:59.0,,,,,1
船橋,20260825,12,3,赤,4,ノンスタンダルド,牝,4,栗毛,20220306,ナダル,クレーデリンテ,ダイワメジャー,所　蛍,船橋,☆53,0-0-1-0,森泰斗,船橋,原禮子レーシング（株）,岡田スタツド,,,1-1-1-6,1-0-1-3,0-1-0-2,0-0-1-0,0-0-0-0,,,,,,,1
船橋,20260825,12,4,青,5,グラツィオーソ,牝,4,栗毛,20220410,ロゴタイプ,タオヤカ,プリサイスエンド,ゴンサ,船橋,54,0-0-0-0,林　幻,船橋,（株）シュガーベイビーサラブレッドクラブ,グランデファーム,,,1-2-1-10,1-1-0-2,0-0-0-1,1-1-0-2,0-0-0-1,1:59.3,,,,,,1
船橋,20260825,12,4,青,6,マジックワーズ,牡,4,栗毛,20220327,フリオーソ,ルシーニュ,トビーズコーナー,澤田龍,船橋,56,2-1-3-7,山下之,船橋,徳田直樹,高山牧場,,,2-1-3-8,2-1-3-7,0-0-0-1,2-1-3-6,0-1-1-3,1:57.0,良1:58.1,,,,,1
船橋,20260825,12,5,黄,7,ツインビスケッツ,牝,6,栗毛,20200404,マインドユアビスケッツ,ツインエンジェルズ,ハーツクライ,藤本現,大井,54,0-0-0-1,伊藤滋,船橋,遠藤裕之,社台ファーム,,,2-0-1-34,0-0-0-20,2-0-1-14,0-0-0-10,0-0-0-0,,,,,,,1
船橋,20260825,12,5,黄,8,ラファエラエンゼル,牝,4,鹿毛,20220303,アルアイン,ラファエラ,ジャングルポケット,篠谷葵,船橋,54,2-2-0-1,石井勝,船橋,飯田総一郎,松田牧場,,,4-3-1-12,3-2-1-7,1-1-0-1,2-1-1-5,1-1-0-0,1:58.3,良1:58.3,,,,,1
船橋,20260825,12,6,緑,9,キミオモウハナ,牝,4,鹿毛,20220301,ルヴァンスレーヴ,サツマキリコ,エンパイアメーカー,本橋孝,船橋,54,0-0-0-2,渡邊貴,船橋,（株）社台レースホース,社台ファーム,,,1-1-0-15,0-0-0-5,1-1-0-10,0-0-0-4,0-0-0-1,1:59.5,,,,,,1
船橋,20260825,12,6,緑,10,フォートウィリアム,セン,7,栗毛,20190327,モーリス,シーリーコート,"Distorted Humor",室陽一,浦和,56,0-1-1-17,吉田正,浦和,小橋亮太,追分ファーム,,,4-3-9-42,3-2-8-38,1-1-1-3,0-2-5-12,0-1-1-8,1:57.8,良1:57.8,,,,,1
船橋,20260825,12,7,橙,11,フリューゲルクー,牡,4,栗毛,20220425,シニスターミニスター,ヴェスティージ,"Raven's Pass",野畑凌,川崎,56,0-0-0-1,小久智,浦和,鈴木昌樹,株式会社奥山ファーム,,,1-5-3-5,1-5-3-5,0-0-0-0,0-1-0-2,0-0-0-1,2:02.4,,,,,,1
船橋,20260825,12,7,橙,12,ムチャスエルテ,牡,4,鹿毛,20220321,フィエールマン,マルターズヒート,"Old Trieste",岡村健,船橋,56,1-0-1-1,齊藤敏,船橋,藤田在子,天羽禮治,,,1-1-3-5,1-1-2-3,0-0-1-0,0-0-1-3,0-0-1-1,1:58.5,良1:59.6,,,,,1
船橋,20260825,12,8,桃,13,タカミノガコイ,牡,4,鹿毛,20220506,ルーラーシップ,ブルーグラスチャッター,"Bluegrass Cat",川島正,船橋,56,0-2-0-0,佐藤太,船橋,西村健,オリオンファーム,,,2-4-1-11,2-4-1-4,0-0-0-1,1-4-1-4,0-0-1-1,1:58.0,良1:58.0,,,,,1
船橋,20260825,12,8,桃,14,ニシノアヤカゼ,牝,5,黒鹿毛,20210514,ロゴタイプ,ニシノミナミカゼ,ファルブラヴ,秋元耕,浦和,54,0-1-0-6,川島豊,浦和,和氣竜彦,日進牧場,,,1-1-2-21,0-1-0-7,0-0-0-1,0-0-0-0,0-0-0-0,,,,,,,1
金沢,20260825,1,1,白,1,ルルーディ,牝,4,栗毛,20220309,ストロングリターン,フラワーイレブン,ディープスカイ,田知弘,金沢,55,3-1-0-7,田嶋幸,金沢,吉野加壽代,本桐牧場,,,3-1-0-15,0-0-0-3,3-1-0-12,3-1-0-7,1-0-0-4,1:31.2,良1:36.1,,,,,1
金沢,20260825,1,2,黒,2,メイショウメイボク,牝,5,栗毛,20210214,ホークビル,メイショウミソラ,ハーツクライ,青柳正,金沢,55,0-0-0-0,藤田弘,金沢,寺岡一彦,富田牧場,,,5-2-4-26,0-0-0-1,5-2-4-22,5-2-4-22,4-1-2-11,1:29.7,良1:31.0,,,,,1
金沢,20260825,1,3,赤,3,ピアレイジレディ,牝,5,鹿毛,20210404,レイデオロ,ノーブルジュエリー,"Smarty Jones",米倉知,金沢,55,0-0-0-1,藤田弘,金沢,本口博康,社台ファーム,,,2-0-5-38,0-0-0-0,2-0-5-36,0-0-1-2,0-0-0-2,1:33.8,良1:35.2,,,,,1
金沢,20260825,1,4,青,4,メッチャハットリ,牝,4,芦毛,20220317,アメリカンペイトリオット,タムロシャイン,ジャスタウェイ,兼子千,金沢,55,0-0-1-9,川添明,金沢,小橋亮太,グローリーファーム,,,1-2-4-34,0-0-0-0,1-2-4-34,0-0-1-11,0-0-1-3,1:34.0,良1:35.3,,,,,1
金沢,20260825,1,5,黄,5,インテンスフレイム,牡,8,黒鹿毛,20180219,パイロ,ティップトップ,Dubawi,甲賀弘,金沢,57,1-1-1-1,黒木豊,金沢,庄司修二,ダーレー・ジャパン・,,,3-9-12-46,1-1-4-3,2-8-8-43,1-1-1-1,0-1-1-1,1:33.6,良1:33.6,,,,,1
金沢,20260825,1,6,緑,6,マノンルージュ,牡,7,鹿毛,20190303,ディープブリランテ,タフネスデジタル,アグネスデジタル,栗原大,金沢,57,0-0-0-0,鋤田誠,金沢,新村順一,三嶋牧場,,,4-6-12-64,0-1-2-2,4-5-8-61,4-5-8-59,1-4-2-17,1:29.7,良1:29.7,,,,,1
金沢,20260825,1,7,橙,7,ダフニス,セン,7,青鹿毛,20190314,モーリス,ピュアウィッシーズ,Manduro,加藤翔,金沢,57,1-0-0-2,金田一,金沢,（株）Ｔ．Ｕ．Ｋ．,奥山博,,,7-10-7-33,0-0-0-1,7-10-7-29,7-10-7-27,3-5-3-13,1:29.5,良1:29.5,,,,,1
金沢,20260825,1,8,桃,8,ラストヨンマル,牡,4,鹿毛,20220509,ヴァンセンヌ,ススメヨンマル,ケープブランコ,魚住謙,金沢,57,1-2-4-3,鋤田誠,金沢,芳賀克也,アサヒ牧場,,,2-3-4-14,0-0-0-2,2-3-4-12,2-3-4-10,1-3-2-5,1:29.5,良1:31.2,,,,,1
金沢,20260825,1,8,桃,9,アイルシャンス,牝,4,鹿毛,20220404,レッドベルジュール,ビジュアルショック,Kingmambo,沖静男,金沢,55,1-0-0-4,川添明,金沢,小橋亮太,庄野牧場,,,2-1-4-17,0-0-0-0,2-1-4-15,2-1-4-14,0-0-1-10,1:30.6,良1:33.1,,,,,1
金沢,20260825,2,1,白,1,コンチマカロン,牝,4,青鹿毛,20220218,ネロ,キーラ,ディープブリランテ,栗原大,金沢,55,0-0-0-2,池田敦,金沢,（株）さくらコーポレーション,有限会社フォレブルー,,,2-1-2-41,0-0-0-0,2-1-2-41,1-0-2-16,1-0-0-6,1:30.4,良1:30.4,,,,,1
金沢,20260825,2,2,黒,2,ダイユウボンバー,牝,4,鹿毛,20220204,レイデオロ,ロトクルーザー,クロフネ,中島龍,金沢,55,1-0-2-0,井樋一,金沢,大友靖岐,広富牧場,,,1-4-4-18,0-0-0-1,1-4-4-10,1-4-4-9,0-2-0-3,1:30.1,良1:33.2,,,,,1
金沢,20260825,2,3,赤,3,ジューンサレンダー,牡,5,鹿毛,20210314,シルバーステート,ジューンヴィエナ,カンパニー,魚住謙,金沢,57,0-0-1-0,加藤和,金沢,伊藤弘泰,ヒダカフアーム,,,1-3-1-29,0-1-0-15,1-1-1-11,1-1-1-7,0-0-1-4,1:33.7,,,,,,1
金沢,20260825,2,4,青,4,ピナーカ,牡,5,鹿毛,20210314,ビッグアーサー,ヤマカツルビー,ジャスタウェイ,米倉知,金沢,57,1-0-2-4,堀場裕,金沢,山田和夫,岡田牧場,,,2-2-10-28,0-0-0-0,2-2-10-28,2-0-5-17,1-0-4-3,1:30.5,良1:30.5,,,,,1
金沢,20260825,2,5,黄,5,メイショウヒュウガ,牡,6,鹿毛,20200401,ダンカーク,カネトシガーネット,キングカメハメハ,加藤翔,金沢,57,3-0-0-0,加藤義,金沢,（同）はやし事業,まるとみ冨岡牧場,,,4-0-0-20,0-0-0-1,3-0-0-3,3-0-0-0,1-0-0-0,1:32.9,,,,,,1
金沢,20260825,2,6,緑,6,リワードリュタン,牝,4,黒鹿毛,20220312,メイショウボーラー,マイウェイカイ,サウスヴィグラス,平瀬城,金沢,55,1-2-0-3,黒木豊,金沢,宮崎麻衣子,鮫川啓一,,,1-4-5-30,0-0-0-0,1-4-5-30,1-2-2-10,1-1-0-5,1:31.2,良1:31.2,,,,,1
金沢,20260825,2,7,橙,7,イサムダイヤモンド,牡,4,鹿毛,20220407,サトノダイヤモンド,ヒメタチバナ,ナカヤマフェスタ,吉田晃,金沢,57,2-2-0-5,佐藤茂,金沢,岡田和惠,大狩部牧場,,,2-2-0-10,0-0-0-0,2-2-0-5,2-2-0-5,1-1-0-2,1:34.6,良1:35.4,,,,,1
金沢,20260825,2,8,桃,8,ジャンボリクイーン,牝,4,栗毛,20220419,ベストウォーリア,オオカリベクイン,フサイチレオン,青柳正,金沢,55,1-0-0-2,中川雅,金沢,神田宏治,渋谷牧場,,,2-0-0-15,1-0-0-12,1-0-0-3,1-0-0-3,0-0-0-1,1:36.7,,,,,,1
金沢,20260825,2,8,桃,9,ピースマッチング,セン,8,芦毛,20180317,スウェプトオーヴァーボード,アンコールピース,ネオユニヴァース,松戸政,金沢,57,0-0-0-1,川添明,金沢,本口博康,社台ファーム,,,3-4-5-55,2-2-3-18,1-2-2-36,0-0-0-1,0-0-0-0,,,,,,,1
金沢,20260825,3,1,白,1,プレストバローズ,セン,7,栗毛,20190210,ドレフォン,フェアリーダンス,アグネスタキオン,柴田勇,金沢,57,0-0-0-0,藤田弘,金沢,（株）ＫＹＮステーブル,レイクヴィラファーム,,,8-9-7-25,0-0-0-1,8-9-7-24,1-0-2-6,1-0-1-4,1:32.9,良1:32.9,,,,,1
金沢,20260825,3,2,黒,2,ラッキードラゴン,セン,5,栗毛,20210405,オルフェーヴル,ヤマカツセイレーン,グラスワンダー,青柳正,金沢,57,1-1-1-5,堀場裕,金沢,落畑健,大西ファーム,,,2-2-3-15,0-0-0-0,2-2-3-13,2-2-3-10,1-2-2-5,1:31.0,良1:31.6,,,,,1
金沢,20260825,3,3,赤,3,チョボナイノ,牝,5,鹿毛,20210306,ワールドエース,ハイカックウ,"High Chaparral",松戸政,金沢,55,0-0-2-0,宗綱泰,金沢,大黒富美子,桜井牧場,,,4-6-6-23,0-0-0-0,4-6-6-14,4-6-6-14,1-2-5-7,1:28.9,良1:29.9,,,,,1
金沢,20260825,3,4,青,4,ディヴァージオン,牝,6,鹿毛,20200304,サトノダイヤモンド,スコアズビー,"Rock of Gibraltar",中島龍,金沢,55,0-2-1-4,加藤和,金沢,（株）ファーストビジョン,猿倉牧場,,,4-2-2-32,0-0-0-1,2-2-2-19,1-2-0-0,1-1-0-0,1:32.1,良1:34.0,,,,,1
金沢,20260825,3,5,黄,5,クロユキ,牝,4,青鹿毛,20220324,モーリス,チカリータ,クロフネ,栗原大,金沢,55,0-0-0-1,佐藤茂,金沢,（株）インゼルレーシング,ノーザンファーム,,,1-0-0-12,0-0-0-1,0-0-0-6,0-0-0-1,0-0-0-0,,,,,,,1
金沢,20260825,3,6,緑,6,ハイムリヒカイザー,牡,4,鹿毛,20220502,イスラボニータ,ヒカルユメアカリ,シンボリクリスエス,吉田晃,金沢,57,0-2-1-13,佐藤茂,金沢,ニットー商事（株）,宇南山牧場,,,2-5-4-25,0-0-0-0,2-5-4-25,2-5-4-25,0-2-1-15,1:31.5,良1:32.9,,,,,1
金沢,20260825,3,7,橙,7,ミテクレコノアシ,牡,6,栗毛,20200503,エスケンデレヤ,キングダンサー,キングカメハメハ,兼子千,金沢,57,0-2-0-5,井樋一,金沢,山本浩志,沖田哲夫,,,2-7-9-58,0-0-0-0,2-7-9-58,1-5-5-29,1-1-2-14,1:30.5,良1:30.5,,,,,1
金沢,20260825,3,8,桃,8,フォーユーランラン,牝,7,鹿毛,20190313,ドゥラメンテ,サトノアスカ,"Giant's Causeway",魚住謙,金沢,55,0-0-0-1,鋤田誠,金沢,村田滋,奥山博,,,2-5-5-75,0-2-1-25,2-3-3-41,0-0-0-15,0-0-0-7,1:32.2,良1:38.4,,,,,1
金沢,20260825,4,1,白,1,グッドラックスター,牝,9,青鹿毛,20170329,ベルシャザール,タフネスデジタル,アグネスデジタル,浅野登,金沢,▲52,0-0-0-1,鈴木正,金沢,新村順一,三嶋牧場,,,6-14-15-52,0-0-0-0,6-14-15-51,6-10-10-30,2-5-3-15,1:36.1,良1:36.1,,,,,1
金沢,20260825,4,2,黒,2,ミスティックパワー,牡,6,鹿毛,20200326,サトノアラジン,ダーリング,ハービンジャー,服部大,金沢,57,0-0-1-7,宗綱泰,金沢,小橋亮太,藤沢牧場,,,4-2-5-41,0-0-1-5,4-2-4-35,0-0-1-7,0-0-0-1,1:42.8,,,,,,1
金沢,20260825,4,3,赤,3,ギンザターゲット,牝,5,黒鹿毛,20210215,リオンディーズ,ギンザボナンザ,ゼンノロブロイ,鈴木太,金沢,55,0-0-1-4,井樋一,金沢,酒井蔀,三嶋牧場,,,2-2-6-31,0-1-3-2,2-1-3-25,2-1-3-25,1-0-2-10,1:36.8,良1:37.0,,,,,1
金沢,20260825,4,4,青,4,コウエツ,牝,5,鹿毛,20210210,ダノンバラード,ソウタツ,ブライアンズタイム,栗原大,金沢,55,1-1-0-3,池田敦,金沢,渡邊優磨,松浦牧場,,,1-4-8-27,0-0-0-0,1-4-8-26,1-4-5-23,0-2-2-13,1:37.2,良1:37.2,,,,,1
金沢,20260825,4,5,黄,5,ナイトアウェイ,セン,5,鹿毛,20210302,ハーツクライ,イブニングジュエル,"Northern Afleet",中島龍,金沢,57,2-4-5-8,加藤和,金沢,（株）ファーストビジョン,社台ファーム,,,2-6-7-23,0-0-0-1,2-6-6-18,2-6-6-18,0-1-6-10,1:36.1,良1:37.0,,,,,1
金沢,20260825,4,6,緑,6,イーベンホルツ,セン,9,青鹿毛,20170403,ゴールドアリュール,オフジオールドブロック,"A.P. Indy",平瀬城,金沢,57,0-5-3-15,黒木豊,金沢,河野誠一,社台ファーム,,,6-9-9-75,3-1-2-17,3-8-7-57,0-6-3-15,0-2-1-9,1:34.6,良1:36.8,,,,,1
金沢,20260825,4,7,橙,7,ナギサノバルコニー,牝,4,鹿毛,20220424,ビッグアーサー,クリスタルブランカ,ネオユニヴァース,柴田勇,金沢,55,0-2-0-1,金田一,金沢,（有）ミルファーム,静内酒井牧場,,,0-3-5-15,0-0-0-1,0-3-3-13,0-3-3-8,0-0-2-2,1:38.5,良1:40.2,,,,,1
金沢,20260825,4,8,桃,8,ラシェンテ,牝,5,黒鹿毛,20210211,コパノリッキー,ゴージャスガール,ジャングルポケット,兼子千,金沢,55,0-1-1-3,井樋一,金沢,宮崎豊治,北島牧場,,,2-7-3-31,0-0-0-0,2-6-3-28,2-6-3-27,1-2-2-12,1:36.6,良1:36.6,,,,,1
金沢,20260825,4,8,桃,9,ペダンクルアーチ,セン,8,栗毛,20180424,ダイワメジャー,アーリーアメリカン,"El Corredor",沖静男,金沢,57,0-0-0-1,加藤和,金沢,（株）ファーストビジョン,社台ファーム,,,8-6-8-34,7-5-3-19,1-1-5-15,1-1-4-12,1-1-0-5,1:35.9,良1:43.5,,,,,1
金沢,20260825,5,1,白,1,エコロセブン,牡,5,黒鹿毛,20210429,アドマイヤムーン,タイキノワール,グラスワンダー,吉田晃,金沢,57,0-1-0-12,田嶋幸,金沢,小橋亮太,山田昇史,,,2-2-0-35,1-0-0-4,1-2-0-29,1-2-0-22,1-0-0-13,1:36.2,良1:37.2,,,,,1
金沢,20260825,5,2,黒,2,シナモンブルー,牝,4,栗毛,20220409,ベストウォーリア,サクラメガマックス,クロフネ,魚住謙,金沢,55,2-0-2-13,鋤田誠,金沢,組）玉川,山田牧場,,,4-1-4-16,0-0-0-0,4-1-4-16,4-1-4-16,1-1-0-6,1:36.5,良1:36.5,,,,,1
金沢,20260825,5,3,赤,3,ルーンファクター,牡,6,鹿毛,20200411,インカンテーション,シルカズギフト,"Cadeaux Genereux",松戸政,金沢,57,2-0-0-0,藤田弘,金沢,（株）ＷｉｎｎｉｎｇＨｏｒｓｅＣｌｕｂ,谷川牧場,,,7-0-1-19,1-0-0-3,6-0-1-13,2-0-0-0,1-0-0-0,1:40.0,良1:40.0,,,,,1
金沢,20260825,5,4,青,4,ベストタンゴ,牝,4,鹿毛,20220505,オールブラッシュ,クーファレイア,ワークフォース,青柳正,金沢,55,0-2-6-11,鈴木正,金沢,新村順一,ユーコー牧場,,,1-10-10-22,0-0-0-0,1-10-10-22,1-10-10-22,1-2-4-12,1:36.5,良1:37.6,,,,,1
金沢,20260825,5,5,黄,5,ベストイズアスク,牝,5,黒鹿毛,20210404,エピファネイア,ベストセラーアスク,キングカメハメハ,兼子千,金沢,55,0-3-2-15,川添明,金沢,小橋亮太,株式会社ＡＳＫＳＴＵ,,,2-5-3-34,0-0-0-0,2-5-3-32,1-4-3-26,1-3-1-9,1:36.4,良1:37.3,,,,,1
金沢,20260825,5,6,緑,6,ウインシャルマン,セン,6,栗毛,20200426,モーリス,ビウイッチアス,ダイワメジャー,服部大,金沢,57,0-0-0-3,川添明,金沢,桑田照夫,いとう牧場,,,3-5-4-41,0-0-0-1,3-5-4-37,1-3-0-16,1-2-0-6,1:36.4,良1:36.4,,,,,1
金沢,20260825,5,7,橙,7,デルマラメール,牝,4,芦毛,20220513,ルヴァンスレーヴ,デルマトモエゴゼン,キングカメハメハ,浅野登,金沢,▲52,0-2-1-2,加藤義,金沢,浅沼廣幸,ファニーヒルファーム,,,4-3-4-13,0-0-0-1,4-3-4-11,4-3-4-7,2-0-2-2,1:36.2,良1:38.1,,,,,1
金沢,20260825,5,8,桃,8,ユメカナウケン,牝,5,芦毛,20210509,トゥザワールド,ソフィアルージュ,クロフネ,沖静男,金沢,55,1-0-0-8,川添明,金沢,本口博康,本田土寿,,,2-2-3-32,0-0-0-3,1-2-1-24,1-0-0-8,0-0-0-3,1:37.2,,,,,,1
金沢,20260825,5,8,桃,9,ポッドボレット,牡,7,鹿毛,20190309,ジャスタウェイ,シーエスシルク,"Medaglia d'Oro",米倉知,金沢,57,0-1-1-5,藤田弘,金沢,角井紀夫,社台ファーム,,,2-5-2-31,0-0-0-0,0-1-1-17,0-1-1-15,0-0-1-6,1:37.0,良1:42.0,,,,,1
金沢,20260825,6,1,白,1,ベルツリー,牝,4,黒鹿毛,20220424,アジアエクスプレス,カナエチャン,マンハッタンカフェ,魚住謙,金沢,55,2-2-1-12,鋤田誠,金沢,長浜和也,サンローゼン,,,2-2-1-16,0-0-0-3,2-2-1-13,2-2-1-12,1-2-1-5,0:55.6,良0:58.0,,,,,1
金沢,20260825,6,2,黒,2,キャラハンテソーロ,牡,6,黒鹿毛,20200423,ブラックタイド,コパノマルコリーニ,マヤノトップガン,栗原大,金沢,57,0-0-0-1,鋤田誠,金沢,横田一男,前野牧場,,,4-6-5-46,0-0-0-0,4-6-5-44,4-4-5-29,0-0-0-0,,,,,,,1
金沢,20260825,6,3,赤,3,ユリオプスイエロー,牝,4,鹿毛,20220327,オーヴァルエース,ハリウッドナニー,キングカメハメハ,柴田勇,金沢,55,2-0-2-1,田嶋幸,金沢,ジェイアイ（株）,山春牧場,,,2-1-3-17,0-0-0-1,2-1-3-16,2-0-2-3,1-0-1-0,0:56.9,良0:57.2,,,,,1
金沢,20260825,6,4,青,4,ルビープリンセス,牝,8,鹿毛,20180424,アポロキングダム,トップルビー,チーフベアハート,甲賀弘,金沢,55,0-0-0-1,鋤田誠,金沢,畠山朝子,宮内牧場,,,3-8-7-30,0-0-0-0,3-8-7-30,1-0-3-10,0-0-0-1,0:57.3,良0:57.3,,,,,1
金沢,20260825,6,5,黄,5,オルミラベル,牝,4,栗毛,20220122,サートゥルナーリア,ラインハート,ステイゴールド,吉原寛,金沢,55,1-0-1-2,堀場裕,金沢,大塚亮一（株）,レイクヴィラファーム,,,2-2-3-14,0-0-0-0,2-2-3-9,1-0-1-3,1-0-1-3,0:56.9,良0:56.9,,,,,1
金沢,20260825,6,6,緑,6,ミュークレグルス,牡,8,鹿毛,20180312,トーセンジョーダン,シータトウショウ,ジェニュイン,鈴木太,金沢,57,0-0-0-0,堀場裕,金沢,庄司修二,坂本春雄,,,4-9-7-72,4-7-7-66,0-2-0-6,0-2-0-6,0-0-0-0,,,,,,,1
金沢,20260825,6,7,橙,7,シェーンシュタット,牡,8,黒鹿毛,20180403,トーセンラー,ハルシュタット,ファスリエフ,青柳正,金沢,57,0-0-0-5,加藤和,金沢,宮下元胤,岡田スタツド,,,2-9-15-82,0-0-1-12,2-7-14-63,2-7-14-62,1-0-0-1,0:57.6,良0:57.6,,,,,1
金沢,20260825,6,8,桃,8,プロスペロ,牡,9,栗毛,20170312,リアルインパクト,ラヴフェアリー,アフリート,加藤翔,金沢,57,1-0-1-1,堀場裕,金沢,荷口優,岡田牧場,,,11-2-6-47,1-0-1-10,10-2-5-37,1-0-2-4,1-0-2-3,0:57.3,良0:57.5,,,,,1
金沢,20260825,6,8,桃,9,アリーワーク,牝,4,栗毛,20220419,ベストウォーリア,ネビュラ,ネオユニヴァース,田知弘,金沢,55,2-0-1-4,田嶋幸,金沢,ジェイアイ（株）,株式会社ケイズ,,,2-0-2-18,0-0-0-1,2-0-2-17,2-0-2-14,0-0-0-2,0:59.3,良0:59.3,,,,,1
金沢,20260825,7,1,白,1,グレイトムーン,牡,9,黒鹿毛,20170401,マジェスティックウォリアー,ウララカ,ワイルドラッシュ,中島龍,金沢,57,1-0-1-0,井樋一,金沢,（有）総武開発,社台ファーム,,,9-4-8-35,6-3-6-29,3-1-2-5,3-0-2-1,2-0-1-0,1:39.1,,,,,,1
金沢,20260825,7,2,黒,2,シェルターベルト,牝,5,鹿毛,20210421,スクリーンヒーロー,ホワイトウインド,スウェプトオーヴァーボード,栗原大,金沢,55,0-2-2-6,鋤田誠,金沢,佐々木均,ビッグレッドファーム,,,1-12-7-31,0-0-0-0,1-12-7-28,1-12-7-22,0-6-3-10,1:35.7,良1:36.9,,,,,1
金沢,20260825,7,3,赤,3,ノエル,牡,4,黒鹿毛,20220327,バゴ,アラマサスナイパー,ステイゴールド,沖静男,金沢,57,0-0-0-1,川添明,金沢,小橋亮太,アラキフアーム,,,2-1-7-17,0-0-0-0,2-1-7-14,2-0-4-4,1-0-2-1,1:39.6,良1:41.9,,,,,1
金沢,20260825,7,4,青,4,ローレルランウェイ,牝,4,鹿毛,20220426,エポカドーロ,ニシノシルエット,アグネスタキオン,浅野登,金沢,▲52,0-3-0-4,堀場裕,金沢,東恭平,村上欽哉,,,2-4-2-13,0-0-0-0,2-4-2-7,2-4-2-5,0-3-1-1,1:36.5,良1:42.0,,,,,1
金沢,20260825,7,5,黄,5,リンクアームズ,牝,5,青鹿毛,20210322,キズナ,アドマイヤシャイ,キンシャサノキセキ,吉田晃,金沢,55,1-1-2-7,田嶋幸,金沢,小橋亮太,ケイアイファーム,,,6-5-7-30,0-0-0-0,6-5-7-28,6-5-7-25,2-2-4-15,1:35.6,良1:37.3,,,,,1
金沢,20260825,7,6,緑,6,トップタルマエ,牡,7,黒鹿毛,20190328,ホッコータルマエ,アルマシェダル,フジキセキ,松戸政,金沢,57,3-2-3-9,高橋優,金沢,畠山朝子,上山牧場,,,8-6-7-23,0-0-0-0,8-6-7-23,8-6-5-15,4-4-2-5,1:35.7,良1:36.9,,,,,1
金沢,20260825,7,7,橙,7,カノアレディー,牝,7,鹿毛,20190308,フリオーソ,シャコーゴールド,キングカメハメハ,柴田勇,金沢,55,0-0-0-0,田嶋幸,金沢,小橋亮太,リコーファーム,,,7-7-2-36,0-0-0-0,7-7-2-36,2-1-0-0,0-1-0-0,1:40.7,良1:40.7,,,,,1
金沢,20260825,7,7,橙,8,インターシア,牡,5,栗毛,20210408,ワールドエース,シャルマンスタイル,タイキシャトル,甲賀弘,金沢,57,1-5-4-16,黒木豊,金沢,関昭一,笠松牧場,,,1-7-7-25,0-0-1-1,1-7-6-24,1-7-5-19,0-5-3-8,1:36.1,良1:37.2,,,,,1
金沢,20260825,7,8,桃,9,オーデンオパール,牝,4,黒鹿毛,20220407,サングレーザー,ゴールドタンバリン,ヘニーヒューズ,魚住謙,金沢,55,1-0-5-4,鋤田誠,金沢,横田一男,豊洋牧場,,,1-1-7-17,0-1-2-13,1-0-5-4,1-0-5-4,0-0-2-2,1:40.1,良1:40.6,,,,,1
金沢,20260825,7,8,桃,10,ロングサクセション,牡,8,栗毛,20180525,ミッキーアイル,シビサーバ,"Dixieland Band",青柳正,金沢,57,3-1-3-5,鈴木正,金沢,岩崎僖澄,ゴールドアップカンパ,,,10-8-10-57,0-0-0-0,10-8-10-56,3-2-3-10,1-2-1-3,1:35.8,良1:35.8,,,,,1
金沢,20260825,8,1,白,1,トゥルーバローズ,セン,8,鹿毛,20180416,ロードカナロア,ヴェルデライト,ディープインパクト,吉原寛,金沢,57,1-1-1-2,加藤義,金沢,（株）マフィン,二風谷ファーム,,,17-7-2-28,6-2-1-11,11-5-1-13,0-2-0-1,0-1-0-1,1:29.9,,,,,,1
金沢,20260825,8,2,黒,2,ドライブアウェイ,牝,4,鹿毛,20220325,フォーウィールドライブ,マリスステラ,シニスターミニスター,青柳正,金沢,55,0-0-1-1,藤田弘,金沢,山口正行,前田牧場,,,5-2-1-7,0-0-0-0,5-2-1-7,0-0-1-1,0-0-0-1,1:32.2,,,,,,1
金沢,20260825,8,3,赤,3,バルミーウェザー,セン,5,黒鹿毛,20210327,パイロ,スプリングタイム,ストリートセンス,栗原大,金沢,57,2-1-1-2,佐藤茂,金沢,安瀬裕一,ダーレー・ジャパン・,,,5-4-3-17,0-0-1-4,5-4-2-9,4-3-1-3,2-3-0-1,1:29.2,良1:31.5,,,,,1
金沢,20260825,8,4,青,4,マニーヒーロー,牡,4,鹿毛,20220217,サトノダイヤモンド,ファイブフォース,アルデバラン2,加藤翔,金沢,57,0-0-0-0,加藤和,金沢,（株）ファーストビジョン,ディアレストクラブ,,,9-5-5-15,0-0-0-2,9-5-5-11,9-5-5-7,3-1-4-3,1:28.3,良1:29.2,,,,,1
金沢,20260825,8,5,黄,5,ウェザーコック,牡,6,鹿毛,20200201,タリスマニック,レッドフェザー,ディープスカイ,平瀬城,金沢,57,1-0-0-4,堀場裕,金沢,（株）ＨＦＧ越後,ダーレー・ジャパン・,,,6-7-5-28,0-0-0-0,6-7-5-27,4-5-3-13,0-1-1-3,1:29.2,良1:29.2,,,,,1
金沢,20260825,8,6,緑,6,タブラオ,セン,8,鹿毛,20180503,アイルハヴアナザー,プルーフオブラヴ,サンデーサイレンス,中島龍,金沢,57,2-0-2-2,井樋一,金沢,犬飼優,新冠橋本牧場,,,11-6-8-35,3-1-0-9,8-5-8-26,2-0-2-2,1-0-1-0,1:31.2,良1:31.2,,,,,1
金沢,20260825,8,7,橙,7,ネバレチュゴー,牡,6,鹿毛,20200311,アメリカンペイトリオット,メランコリア,プリサイスエンド,柴田勇,金沢,57,0-0-0-3,金田一,金沢,（有）ミルファーム,ミルファーム,,,5-7-1-19,0-0-0-3,5-7-1-12,3-2-1-3,2-2-0-1,1:29.3,良1:31.4,,,,,1
金沢,20260825,9,1,白,1,イルミネーター,牡,9,鹿毛,20170418,トーセンブライト,リエートフィーネ,ゼンノロブロイ,魚住謙,金沢,57,0-3-0-1,藤田弘,金沢,山上和良,岡部牧場,,,7-9-7-46,0-0-0-6,7-9-7-36,5-6-4-5,0-0-0-1,2:11.8,良2:11.8,,,,,1
金沢,20260825,9,2,黒,2,ベアエンジェル,牝,5,鹿毛,20210214,リアルスティール,レックスレイノス,Intikhab,松戸政,金沢,55,0-0-0-5,藤田弘,金沢,（株）ＫＹＮステーブル,下屋敷牧場,,,7-8-4-22,0-0-0-2,7-8-4-20,0-0-0-5,0-0-0-0,,,,,,,1
金沢,20260825,9,3,赤,3,カイル,牡,7,青鹿毛,20190403,トーセンブライト,トーセンヴェール,クロフネ,吉原寛,金沢,57,0-0-0-0,小久智,浦和,島川隆哉,有限会社エスティファ,,,4-5-6-24,1-3-3-11,3-2-3-13,0-1-1-1,0-0-0-0,,,,,,,1
金沢,20260825,9,4,青,4,デルマアートマン,セン,5,鹿毛,20210301,オルフェーヴル,オータムフラワー,"Flower Alley",鈴木太,金沢,57,0-0-0-2,加藤義,金沢,浅沼廣幸,社台ファーム,,,4-3-2-20,1-0-0-1,3-3-2-17,1-2-2-8,0-0-0-0,,,,,,,1
金沢,20260825,9,5,黄,5,アルドーレ,牡,11,栗毛,20150430,オルフェーヴル,ティックルピンク,フレンチデピュティ,加藤翔,金沢,57,0-0-0-1,田中守,高知,酒井孝敏,辻牧場,,,12-6-9-31,4-0-1-9,8-6-8-21,0-0-0-0,0-0-0-0,,,,,,,1
金沢,20260825,9,6,緑,6,ユアヒストリー,牡,8,鹿毛,20180418,ルーラーシップ,アイムユアドリーム,フジキセキ,柴田勇,金沢,57,0-0-0-1,金田一,金沢,伊藤捷一,ノーザンファーム,,,7-4-7-27,2-2-4-14,5-2-3-12,0-0-0-1,0-0-0-0,,,,,,,1
金沢,20260825,9,7,橙,7,ローズボウル,牡,8,鹿毛,20180405,キズナ,オールドパサデナ,"Empire Maker",飛田愛,佐賀,57,0-0-0-0,宮川浩,高知,生垣博志,社台ファーム,,,4-5-11-30,2-2-3-10,2-3-8-20,0-0-0-0,0-0-0-0,,,,,,,1
金沢,20260825,9,7,橙,8,サクラトゥジュール,セン,9,青鹿毛,20170414,ネオユニヴァース,サクラレーヌ,シンボリクリスエス,青柳正,金沢,57,1-0-0-0,中川雅,金沢,（株）さくらコマース,谷岡牧場,,,8-7-1-16,0-0-0-1,1-0-0-0,1-0-0-0,0-0-0-0,,,,,,,1
金沢,20260825,9,8,桃,9,プリフロオールイン,牡,5,鹿毛,20210317,アニマルキングダム,サンコロネット,スペシャルウィーク,宮川実,高知,57,11-0-0-4,打越勇,高知,（株）グリーンファーム,笠松牧場,,,12-1-0-4,0-0-0-0,12-1-0-4,0-0-0-0,0-0-0-0,,,,,,,1
金沢,20260825,9,8,桃,10,ダンテバローズ,牡,6,鹿毛,20200307,ドレフォン,スズカエルマンボ,シンボリクリスエス,小牧太,兵庫,57,2-0-0-0,新子雅,兵庫,猪熊広次,服部牧場,,,8-4-2-10,0-0-0-3,8-4-2-7,0-0-0-0,0-0-0-0,,,,,,,1
金沢,20260825,10,1,白,1,コーパスクリスティ,牡,6,栗毛,20200504,エピファネイア,レッドソンブレロ,キングカメハメハ,中島龍,金沢,57,4-2-1-1,加藤和,金沢,（株）ファーストビジョン,ノーザンファーム,,,6-3-1-13,0-0-0-2,4-3-1-5,4-3-1-4,2-2-0-4,1:34.9,良1:34.9,,,,,1
金沢,20260825,10,2,黒,2,ドナデュボア,牝,5,鹿毛,20210309,ダノンレジェンド,キョウエイボヌール,ゴールドアリュール,沖静男,金沢,55,1-2-1-4,井樋一,金沢,内山啓,山春牧場,,,2-6-3-19,1-3-2-12,1-3-1-7,1-3-1-5,0-0-0-3,1:41.6,良1:41.6,,,,,1
金沢,20260825,10,3,赤,3,プライムライン,セン,9,鹿毛,20170312,ハーツクライ,バートラムガーデン,サクラバクシンオー,兼子千,金沢,57,2-1-0-4,井樋一,金沢,（有）総武開発,下河辺牧場,,,9-7-1-21,0-0-0-1,9-7-0-16,4-1-0-4,1-0-0-3,1:40.8,良1:40.8,,,,,1
金沢,20260825,10,4,青,4,ハガネ,牡,6,鹿毛,20200227,ルーラーシップ,ダイワスピリット,ダンスインザダーク,魚住謙,金沢,57,0-0-0-2,藤田弘,金沢,松井要,下河辺牧場,,,4-5-7-45,0-0-0-2,3-5-7-35,3-5-7-32,3-3-2-8,1:35.2,良1:35.2,,,,,1
金沢,20260825,10,5,黄,5,ユウトザイースト,牡,5,栗毛,20210223,エスポワールシチー,ドゥルセデレーチェ,フレンチデピュティ,服部大,金沢,57,0-0-0-3,川添明,金沢,太田雅貴,市川牧場,,,3-2-3-21,0-0-0-1,3-2-3-20,0-0-0-7,0-0-0-3,1:41.3,良1:41.3,,,,,1
金沢,20260825,10,5,黄,6,フェスティヴカレン,牝,5,鹿毛,20210222,ジャスタウェイ,ジェルミナーレ,アドマイヤムーン,栗原大,金沢,55,3-0-2-9,堀場裕,金沢,（有）ランドエコノミーコンサルタント,丸幸小林牧場,,,3-2-4-29,0-1-0-9,3-0-4-15,3-0-4-14,0-0-2-4,1:36.8,,,,,,1
金沢,20260825,10,6,緑,7,クレイプマートル,牝,6,鹿毛,20200331,ジョーカプチーノ,パドブレ,ホワイトマズル,田知弘,金沢,55,1-0-0-4,金田一,金沢,清水敏,ミルファーム,,,7-3-4-22,0-0-0-2,7-3-3-10,7-3-3-8,4-1-1-4,1:35.7,良1:36.4,,,,,1
金沢,20260825,10,6,緑,8,ビックゲート,牡,4,黒鹿毛,20220419,ルヴァンスレーヴ,エイブルインレース,フジキセキ,加藤翔,金沢,57,3-0-2-6,高橋優,金沢,大門忠司,荒井ファーム,,,3-1-6-27,0-0-0-0,3-1-6-27,3-1-6-27,1-1-4-12,1:37.8,良1:37.8,,,,,1
金沢,20260825,10,7,橙,9,カワキタオルゴ,牝,7,鹿毛,20190306,リアルインパクト,カワキタリーズン,ファスリエフ,浅野登,金沢,▲52,0-0-0-1,池田敦,金沢,渡邊優磨,木田牧場,,,6-7-9-47,0-0-0-2,6-7-9-43,1-1-0-7,1-0-0-4,1:41.8,良1:43.9,,,,,1
金沢,20260825,10,7,橙,10,ユイノコキュウ,牡,5,鹿毛,20210402,マジェスティックウォリアー,ベッキー,ブラックタイド,柴田勇,金沢,57,0-0-1-0,加藤和,金沢,（株）ファーストビジョン,新冠橋本牧場,,,3-1-2-23,0-0-0-2,3-1-2-13,2-1-2-6,1-1-1-3,1:40.8,良1:41.9,,,,,1
金沢,20260825,10,8,桃,11,ミリアドタレント,牝,4,栗毛,20220316,Sottsass,Minorette,"Smart Strike",松戸政,金沢,55,2-1-2-2,藤田弘,金沢,清水隆雄,ＳｈａｄａｉＦａｒｍ,,,2-2-5-12,0-0-0-0,2-2-5-9,2-1-2-2,1-0-0-1,1:39.5,良1:39.5,,,,,1
金沢,20260825,10,8,桃,12,ドンタカーミ,牝,5,栗毛,20210226,バゴ,プレイフォミラクル,ヘニーヒューズ,青柳正,金沢,55,0-2-2-7,鈴木正,金沢,村田滋,日本中央競馬会日高育,,,1-8-8-24,0-0-0-0,1-8-8-21,1-4-7-17,1-2-4-10,1:37.3,良1:37.5,,,,,1
笠松,20260825,1,1,白,1,ウィアザピープル,牝,4,青鹿毛,20220415,ゴールドアクター,ゴールドハーツ,ハーツクライ,森島貴,笠松,55,0-0-1-10,伊藤好,笠松,（有）ホースケア,沖田牧場,,,1-0-2-44,0-0-0-0,1-0-2-44,1-0-1-22,1-0-1-20,1:32.0,良1:32.0,,,,,1
笠松,20260825,1,2,黒,2,コランタ,牝,4,栗毛,20220514,ジャスタウェイ,コレー,キングカメハメハ,東川慎,笠松,55,1-2-0-0,後藤正,笠松,小林義彦,（有）社台コーポレー,,,1-3-1-17,0-0-0-0,1-3-1-17,1-3-1-17,1-3-1-9,1:32.3,良1:32.3,,,,,1
笠松,20260825,1,3,赤,3,ドロップオブレイ,牝,4,鹿毛,20220526,ウインブライト,プレシャスドロップ,フレンチデピュティ,加藤聡,愛知,55,1-0-0-0,後藤佑,笠松,岡田将一,岡田スタツド,,,1-0-0-3,0-0-0-0,1-0-0-0,1-0-0-0,0-0-0-0,,,,,,,1
笠松,20260825,1,4,青,4,オーケーサイン,牝,4,栗毛,20220209,サングラス,シンセツ,ホワイトマズル,丸山真,愛知,55,0-0-0-1,伊藤好,笠松,（有）ホースケア,多田善弘,,,0-1-2-31,0-0-0-2,0-1-2-29,0-1-2-28,0-0-1-23,1:31.9,良1:33.5,,,,,1
笠松,20260825,1,5,黄,5,スイモアマイモ,牝,4,黒鹿毛,20220117,モーリス,ワイドロータス,ダンスインザダーク,明星晴,笠松,55,0-0-0-0,伊藤好,笠松,（有）総武開発,下河辺牧場,,,0-0-1-24,0-0-0-0,0-0-1-20,0-0-0-12,0-0-0-10,1:34.1,良1:34.1,,,,,1
笠松,20260825,1,6,緑,6,ハナノクロコ,牝,5,鹿毛,20210424,スウィフトカレント,ハナノゴジュウマル,フォーティナイナーズサン,深澤杏,笠松,◇53,0-0-0-2,栗本陽,笠松,田中忠商事（株）,太田ファーム,,,0-0-1-27,0-0-0-0,0-0-1-27,0-0-1-2,0-0-1-2,1:33.5,良1:33.5,,,,,1
笠松,20260825,1,7,橙,7,アイベット,牝,4,鹿毛,20220223,ミッキーロケット,イエスアイキャン,スマートボーイ,阿部基,笠松,☆54,0-0-0-0,伊藤好,笠松,（有）ホースケア,沖田牧場,,,1-1-3-32,0-0-0-0,1-1-3-32,0-0-0-25,0-0-0-21,1:32.8,良1:32.8,,,,,1
笠松,20260825,1,8,桃,8,ドナドナ,牝,5,鹿毛,20210202,サンダースノー,ドナパフューム,Bertolini,松本一,笠松,55,0-0-0-0,川嶋弘,笠松,（株）ニッシンホールディングス,株式会社千里ファーム,,,0-0-0-3,0-0-0-1,0-0-0-1,0-0-0-0,0-0-0-0,,,,,,,1
笠松,20260825,2,1,白,1,カレンヒロ,牝,4,黒鹿毛,20220506,カレンブラックヒル,モシモシ,ジャングルポケット,森島貴,笠松,55,0-1-3-10,栗本陽,笠松,三田正眞,木村牧場,,,0-6-5-43,0-0-0-0,0-6-5-43,0-4-4-16,0-4-4-15,1:32.4,良1:33.4,,,,,1
笠松,20260825,2,2,黒,2,ワンショートデイ,牝,4,青鹿毛,20220429,ニューイヤーズデイ,スウィートアンドフローレス,"Unbridled's Song",塚本征,愛知,55,0-1-1-1,藤田正,笠松,（株）ファーストビジョン,パカパカファーム,,,1-2-3-11,0-0-0-0,1-2-3-10,1-2-3-9,1-2-2-9,1:32.0,良1:32.1,,,,,1
笠松,20260825,2,3,赤,3,リコネクト,牝,8,栗毛,20180410,アイルハヴアナザー,カスタリア,サンデーサイレンス,深澤杏,笠松,◇53,0-1-3-34,後藤正,笠松,杉岡弘和,オリオンファーム,,,7-6-13-99,0-0-0-1,7-6-13-96,7-6-13-95,6-4-11-79,1:29.6,良1:29.6,,,,,1
笠松,20260825,2,4,青,4,ベラジオガール,牝,5,鹿毛,20210415,ビーチパトロール,ヴォーティブ,トーセンホマレボシ,阿部基,笠松,☆54,0-0-0-0,伊藤好,笠松,（有）ホースケア,辻牧場,,,2-2-6-61,0-0-0-0,2-2-6-61,2-2-6-46,2-2-5-41,1:31.5,良1:31.5,,,,,1
笠松,20260825,2,5,黄,5,モリノリオン,牝,5,黒鹿毛,20210501,リオンディーズ,エアヴェイユ,ハードスパン,細川智,愛知,55,0-0-0-2,藤田正,笠松,（株）ファーストビジョン,稲原牧場,,,1-7-5-33,0-0-0-1,1-7-5-31,1-7-5-29,1-5-4-26,1:30.7,良1:30.7,,,,,1
笠松,20260825,2,6,緑,6,ヒルノマース,牝,7,鹿毛,20190429,ヴァンセンヌ,サクラピュアハート,サクラプレジデント,東川慎,笠松,55,0-2-1-6,後藤正,笠松,蛭川正文,桑嶋峰雄,,,4-12-13-86,0-0-0-0,4-12-13-86,4-12-13-86,4-10-11-63,1:29.3,良1:29.3,,,,,1
笠松,20260825,2,7,橙,7,オドントグロッサム,牝,4,鹿毛,20220217,サトノアラジン,シャンテリー,スクリーンヒーロー,高木健,笠松,55,0-3-2-9,水野善,笠松,小橋亮太,Ｔホースランチ,,,1-5-3-23,0-0-0-0,1-5-3-23,1-5-3-23,1-4-2-18,1:32.7,良1:32.7,,,,,1
笠松,20260825,2,8,桃,8,コンストラクション,牡,4,鹿毛,20220213,ホッコータルマエ,パミーナ,エスケンデレヤ,筒井勇,笠松,57,0-0-0-1,加藤幸,笠松,（有）和田牧場,中脇一幸,,,1-1-0-4,0-0-0-1,1-1-0-3,1-1-0-1,1-1-0-0,1:32.7,良1:32.7,,,,,1
笠松,20260825,3,1,白,1,クリチャーシシー,セン,4,鹿毛,20220304,レッドベルジュール,メイショウベルシア,タニノギムレット,筒井勇,笠松,57,2-2-2-6,大橋敬,笠松,武仲哲司,リトルブルーファーム,,,4-2-3-21,0-0-0-0,4-2-3-21,4-2-3-21,4-2-2-16,1:31.2,良1:31.2,,,,,1
笠松,20260825,3,2,黒,2,ゴールデンマーチ,牝,4,芦毛,20220314,ゴールドシップ,カレイメモワール,アドマイヤムーン,加藤利,愛知,55,0-0-0-0,水野善,笠松,遠藤喜和,ディアレストクラブ,,,1-1-1-28,0-0-0-0,1-1-1-22,0-0-1-2,0-0-1-2,1:33.7,良1:33.7,,,,,1
笠松,20260825,3,3,赤,3,リート,牝,5,鹿毛,20210211,サトノクラウン,アーキタイプ,ディープインパクト,森島貴,笠松,55,0-1-1-7,水野善,笠松,冨田清誠,下河辺牧場,,,0-3-1-25,0-0-0-0,0-3-1-20,0-1-1-8,0-1-1-7,1:32.7,良1:32.7,,,,,1
笠松,20260825,3,4,青,4,マジョリー,牝,7,鹿毛,20190428,ビッグアーサー,マルカジュリエット,サンデーサイレンス,松本一,笠松,55,1-2-3-16,伊藤好,笠松,（有）ホースケア,ナカノファーム,,,3-8-9-76,0-0-0-2,3-8-8-71,2-4-7-56,2-4-7-38,1:29.0,良1:29.0,,,,,1
笠松,20260825,3,5,黄,5,サノノダンサー,牝,4,栗毛,20220314,オーヴァルエース,フレンチドール,フレンチデピュティ,深澤杏,笠松,◇53,2-0-0-6,藤田正,笠松,（株）ファーストビジョン,小河豊水,,,2-3-3-20,0-0-0-2,2-3-3-18,2-3-3-17,2-3-3-16,1:32.3,良1:32.3,,,,,1
笠松,20260825,3,6,緑,6,シバノテンテン,牝,5,芦毛,20210429,エイシンヒカリ,シバノテンショウ,アイルハヴアナザー,塚本征,愛知,55,0-0-0-5,藤田正,笠松,ギリビシュヌ,トモファーム,,,2-2-1-29,0-0-0-0,2-2-1-28,1-0-1-6,1-0-0-4,1:32.2,良1:32.2,,,,,1
笠松,20260825,3,7,橙,7,パーパスポイント,セン,5,栗毛,20210311,アジアエクスプレス,キャルスカイ,ダイワメジャー,細川智,愛知,57,0-0-0-0,藤田正,笠松,小橋亮太,千代田牧場,,,2-5-1-20,1-2-1-9,1-3-0-11,1-3-0-10,0-3-0-8,1:31.2,良1:31.2,,,,,1
笠松,20260825,3,8,桃,8,ヒルノヴィクトリア,セン,6,青鹿毛,20200416,ハーツクライ,クライフォージョイ,サクラバクシンオー,向山牧,笠松,57,1-1-2-27,後藤正,笠松,蛭川正文,下屋敷牧場,,,1-7-6-57,0-0-1-0,1-7-5-57,1-7-5-56,1-6-4-50,1:30.8,良1:30.8,,,,,1
笠松,20260825,4,1,白,1,テーオーライラ,牝,7,栗毛,20190213,ワールドエース,カリズマティックゴールド,Charismatic,森島貴,笠松,55,1-1-1-15,大橋敬,笠松,鈴木良文,ノーザンファーム,,,4-9-11-58,0-0-0-0,4-9-11-56,2-5-7-49,1-5-6-36,1:29.2,良1:29.2,,,,,1
笠松,20260825,4,2,黒,2,ココロエ,牝,4,鹿毛,20220429,スワーヴリチャード,ウインプルミエ,ステイゴールド,東川慎,笠松,55,1-1-4-14,後藤正,笠松,伊藤弘泰,コスモヴューファーム,,,1-1-5-24,0-0-0-0,1-1-5-17,1-1-5-16,1-1-5-13,1:32.1,良1:32.1,,,,,1
笠松,20260825,4,3,赤,3,クイーンズグリーン,牝,4,栗毛,20220313,エスケンデレヤ,アイハヴアジョイ,アイルハヴアナザー,阿部基,笠松,☆54,0-0-0-0,後藤正,笠松,伊藤弘泰,日本中央競馬会日高育,,,1-1-2-31,0-0-0-0,1-1-2-28,1-1-2-27,1-1-1-23,1:33.3,良1:33.3,,,,,1
笠松,20260825,4,4,青,4,キミニメロメロ,牝,5,黒鹿毛,20210221,タリスマニック,トーホウハニー,ステイゴールド,井口裕,笠松,▲52,0-0-0-1,水野善,笠松,小橋亮太,竹島幸治,,,1-3-4-35,0-1-2-23,1-2-2-12,0-1-0-6,0-1-0-6,1:32.7,良1:32.7,,,,,1
笠松,20260825,4,5,黄,5,アイヴカムバック,牝,6,青鹿毛,20200312,アドマイヤマックス,パッションロード,ファンタスティックライト,大原浩,笠松,55,1-0-1-4,川嶋弘,笠松,田中良輝,室田千秋,,,2-4-10-53,0-0-0-2,2-4-10-51,2-2-8-45,2-2-8-41,1:30.0,良1:30.0,,,,,1
笠松,20260825,4,6,緑,6,グロリアストップ,牝,4,黒鹿毛,20220321,ディープブリランテ,エンプレスラブ,マイネルラヴ,深澤杏,笠松,◇53,0-1-0-7,伊藤好,笠松,小橋亮太,村中牧場,,,0-5-0-25,0-0-0-0,0-5-0-25,0-5-0-11,0-5-0-11,1:32.7,良1:32.7,,,,,1
笠松,20260825,4,7,橙,7,エンシェントダンス,牝,4,栗毛,20220411,カリフォルニアクローム,デセニアル,Trippi,加藤聡,愛知,55,0-0-0-0,伊藤強,笠松,加藤知泰,村上欽哉,,,0-1-3-18,0-0-3-17,0-1-0-1,0-1-0-1,0-1-0-1,1:33.1,良1:33.1,,,,,1
笠松,20260825,4,8,桃,8,オオイリブクロ,牡,4,鹿毛,20220503,ディスクリートキャット,フルーツタルト,ディープインパクト,塚本征,愛知,57,1-0-0-8,藤田正,笠松,（同）ＪＰＮ技研,ナカノファーム,,,4-1-0-18,0-0-0-1,4-1-0-14,4-1-0-14,3-1-0-9,1:32.6,良1:32.8,,,,,1
笠松,20260825,5,1,白,1,マイネルアットーレ,牡,5,黒鹿毛,20210429,スクリーンヒーロー,アンネリース,ヴィクトワールピサ,細川智,愛知,57,0-0-0-1,藤田正,笠松,（株）ファーストビジョン,ビッグレッドファーム,,,0-4-6-37,0-0-0-0,0-4-6-34,0-0-2-11,0-0-1-7,1:32.0,良1:32.7,,,,,1
笠松,20260825,5,2,黒,2,ハッピーノリクン,セン,7,栗毛,20190405,ダイワメジャー,ハッピーノリチャン,サクラバクシンオー,塚本征,愛知,57,2-1-2-6,藤田正,笠松,足立範子,タイヘイ牧場,,,6-3-5-47,0-0-0-1,6-3-5-38,6-3-5-33,4-2-4-32,1:29.9,良1:29.9,,,,,1
笠松,20260825,5,3,赤,3,ヤスケ,牡,4,黒鹿毛,20220123,リオンディーズ,バケットリスト,シンボリクリスエス,渡邊竜,笠松,57,2-3-0-1,笹野博,笠松,中村規,宮内牧場,,,2-4-0-8,0-0-0-3,2-4-0-4,2-4-0-1,1-4-0-1,1:31.4,良1:31.4,,,,,1
笠松,20260825,5,4,青,4,ラインシュトラール,牡,6,黒鹿毛,20200407,タリスマニック,ラインハーディー,ゴールドアリュール,松本一,笠松,57,1-0-0-3,伊藤好,笠松,葛西豊次,株式会社ケイズ,,,6-5-2-61,0-0-0-0,6-5-2-59,1-0-0-22,1-0-0-17,1:32.0,良1:32.0,,,,,1
笠松,20260825,5,5,黄,5,フミフローレンス,牝,5,栗毛,20210416,ビッグアーサー,ディーズハイエンド,ダイワメジャー,東川慎,笠松,55,2-0-3-15,後藤正,笠松,吉澤一弥,日高大洋牧場,,,3-1-5-34,0-0-0-0,3-1-5-34,2-0-3-22,2-0-3-17,1:32.0,良1:32.0,,,,,1
笠松,20260825,5,6,緑,6,エファルジェント,牝,4,青鹿毛,20220423,サングレーザー,ニシノフジムスメ,キングヘイロー,馬渕繁,笠松,55,1-0-0-7,森山英,笠松,西岡透,株式会社アフリートフ,,,1-2-1-22,0-1-1-5,1-1-0-15,1-0-0-7,1-0-0-7,1:33.0,良1:33.0,,,,,1
笠松,20260825,5,7,橙,7,ベルシエル,牝,4,黒鹿毛,20220226,ホッコータルマエ,シャイニングスカイ,ディープインパクト,筒井勇,笠松,55,0-0-0-1,田口輝,笠松,豊原純弥,明治牧場,,,0-1-0-10,0-0-0-1,0-1-0-9,0-0-0-1,0-0-0-1,1:33.7,良1:33.7,,,,,1
笠松,20260825,5,8,桃,8,ケルティックハーツ,牡,4,鹿毛,20220507,ビッグアーサー,チェストケハーツ,ハーツクライ,加藤聡,愛知,57,1-0-1-1,伊藤強,笠松,（同）ＪＰＮ技研,沼田照秋,,,2-3-3-14,0-0-0-1,2-3-3-7,2-2-3-2,2-2-2-2,1:30.6,良1:30.6,,,,,1
笠松,20260825,6,1,白,1,ニシノステディミキ,牝,4,鹿毛,20220318,ミッキーロケット,ディーズハイビガー,アグネスデジタル,深澤杏,笠松,◇53,1-1-0-3,栗本陽,笠松,安藤浩也,加野牧場,,,1-1-0-27,0-0-0-0,1-1-0-26,1-1-0-5,1-1-0-4,1:32.5,良1:32.5,,,,,1
笠松,20260825,6,2,黒,2,ニホンピロベスパー,牝,4,青鹿毛,20220423,ニホンピロアワーズ,ニホンピロオーロラ,マンハッタンカフェ,松本一,笠松,55,1-2-2-2,川嶋弘,笠松,小林英一,友田牧場,,,2-4-3-8,0-0-0-0,2-4-3-8,1-3-3-5,1-2-3-5,1:31.8,良1:31.8,,,,,1
笠松,20260825,6,3,赤,3,プロペラシャフト,牡,8,鹿毛,20180415,トゥザグローリー,ミスバレイ,スクワートルスクワート,加藤利,愛知,57,0-1-0-1,水野善,笠松,古川孝雄,小倉牧場,,,8-12-16-66,0-0-0-0,8-12-16-66,8-12-16-57,7-11-13-41,1:29.4,良1:29.4,,,,,1
笠松,20260825,6,4,青,4,ブラボーキリシマ,牝,5,鹿毛,20210303,タニノギムレット,フルブロッサム,ストリートセンス,筒井勇,笠松,55,0-0-0-0,藤田正,笠松,西村新一郎,田原橋本牧場,,,1-4-7-13,0-0-0-0,1-4-7-13,1-0-1-2,1-0-0-1,1:32.4,良1:32.4,,,,,1
笠松,20260825,6,5,黄,5,サンカグヤヒメ,牝,5,鹿毛,20210325,ワールドエース,サンウィノナ,スニッツェル,東川慎,笠松,55,0-1-0-7,柴田高,笠松,古谷剛彦,株式会社ケイズ,,,2-6-6-34,0-0-0-0,2-6-6-34,0-2-2-14,0-2-2-11,1:30.4,良1:30.4,,,,,1
笠松,20260825,6,6,緑,6,ミスターヨッシャー,牡,4,栗毛,20220208,ノーブルミッション,ブルージャーニー,カジノドライヴ,大原浩,笠松,57,0-3-0-10,森山英,笠松,江川伸夫,マリオステーブル,,,0-4-3-24,0-0-0-5,0-4-3-19,0-4-3-18,0-3-3-17,1:31.4,良1:31.4,,,,,1
笠松,20260825,6,7,橙,7,ヤマミウルフ,牡,4,鹿毛,20220322,ホッコータルマエ,ヤマミダンス,ハーツクライ,細川智,愛知,57,0-0-0-0,藤田正,笠松,山下勲,新井昭二牧場,,,2-2-0-14,0-0-0-0,2-2-0-14,1-1-0-7,1-1-0-7,1:32.9,良1:32.9,,,,,1
笠松,20260825,6,8,桃,8,ビービーラフター,牡,4,鹿毛,20220502,ワールドエース,ビービーガナール,ビービーガルダン,丸野勝,愛知,57,0-1-1-3,加藤幸,笠松,巽祐子,坂東牧場,,,2-2-8-20,1-0-0-3,1-2-8-17,0-2-3-12,0-1-3-11,1:31.1,良1:31.1,,,,,1
笠松,20260825,7,1,白,1,マイネルウォーリア,牡,5,栗毛,20210331,ベストウォーリア,エイシンピカデリー,"Hard Spun",筒井勇,笠松,57,0-0-0-1,加藤幸,笠松,（株）ＫＹＮステーブル,佐藤牧場,,,8-4-6-16,0-0-0-1,8-4-6-15,0-0-0-2,0-0-0-2,1:32.6,良1:32.6,,,,,1
笠松,20260825,7,2,黒,2,ジェバーダ,牝,4,黒鹿毛,20220501,Volatile,"Top Hat Tango",Graydar,東川慎,笠松,55,0-0-0-0,後藤佑,笠松,（株）ノルマンディーサラブレッドレーシング,ＳｃｏｔｔＰｉｅｒｃ,,,1-0-2-5,0-0-0-1,1-0-2-3,0-0-0-0,0-0-0-0,,,,,,,1
笠松,20260825,7,3,赤,3,ラブフォルテッシモ,牝,4,鹿毛,20220315,レイデオロ,ハイアーラヴ,"Sadler's Wells",高木健,笠松,55,0-0-1-1,伊藤強,笠松,伊藤彰敏,木村秀則,,,4-5-1-15,0-0-0-1,4-5-1-10,4-4-1-7,4-4-1-7,1:30.3,良1:30.3,,,,,1
笠松,20260825,7,4,青,4,ベールドインパクト,セン,4,鹿毛,20220217,ダノンバラード,ウェディングベール,タートルボウル,馬渕繁,笠松,57,0-0-0-0,森山英,笠松,山邉浩,岡田スタツド,,,0-3-0-15,0-0-0-0,0-0-0-2,0-0-0-0,0-0-0-0,,,,,,,1
笠松,20260825,7,5,黄,5,トーホウジェンマ,牝,6,黒鹿毛,20200323,トーホウジャッカル,トーホウキャサリン,キングズベスト,塚本征,愛知,55,0-1-2-6,藤田正,笠松,藤居正樹,竹島幸治,,,5-16-6-39,0-0-0-2,5-16-6-37,2-7-5-19,2-4-5-17,1:27.9,良1:27.9,,,,,1
笠松,20260825,7,6,緑,6,カンナリリー,牝,8,栗毛,20180321,スクリーンヒーロー,フォーエバーモア,ネオユニヴァース,阿部基,笠松,☆54,0-0-0-0,伊藤好,笠松,（有）ホースケア,追分ファーム,,,14-8-6-53,0-0-0-2,14-8-6-47,1-2-2-24,1-1-2-15,1:31.0,良1:31.0,,,,,1
笠松,20260825,7,7,橙,7,アンクロワヤブル,牡,4,鹿毛,20220316,トーセンラー,マリーアルーア,ゴールドアリュール,明星晴,笠松,57,0-0-0-0,伊藤強,笠松,吉川真ノ介,サンシャイン牧場,,,3-3-3-18,0-2-2-11,3-1-1-7,2-1-1-3,0-1-1-0,1:29.9,良1:29.9,,,,,1
笠松,20260825,7,8,桃,8,チュウワダイオウ,セン,5,青鹿毛,20210410,ルーラーシップ,チュウワプリンセス,スペシャルウィーク,松本一,笠松,57,0-0-0-0,加藤幸,笠松,中西忍,若林順一,,,3-4-2-12,0-0-0-4,3-4-2-4,3-3-2-2,3-1-2-1,1:29.8,良1:29.8,,,,,1
笠松,20260825,7,8,桃,9,マウンテンピオニー,牝,5,鹿毛,20210509,グランデッツァ,ステキナポケット,ジャングルポケット,大原浩,笠松,55,0-0-1-0,森山広,笠松,中尾勝,ヤナガワ牧場,,,7-3-5-25,0-0-0-0,7-3-5-24,7-3-5-23,4-3-4-18,1:28.9,良1:28.9,,,,,1
笠松,20260825,8,1,白,1,ユイノオトシアナ,牡,5,鹿毛,20210325,ビーチパトロール,ヒワラニ,ディープインパクト,松本一,笠松,57,0-1-0-1,伊藤強,笠松,伊勢光,畠山牧場,,,3-9-6-44,0-0-0-2,3-9-6-39,0-1-0-3,0-0-0-2,1:30.8,良1:30.8,,,,,1
笠松,20260825,8,2,黒,2,トレパーク,牝,4,鹿毛,20220304,シャンハイボビー,エイシンベティー,"Animal Kingdom",東川慎,笠松,55,1-3-4-3,後藤正,笠松,渡部賢治,浜口牧場,,,2-5-7-12,1-1-1-8,1-4-6-4,1-4-6-4,0-3-5-2,1:31.2,良1:31.2,,,,,1
笠松,20260825,8,3,赤,3,アバンチュリエ,セン,7,栗毛,20190120,モーリス,パンデイア,ディープインパクト,大原浩,笠松,57,0-1-1-4,森山英,笠松,山邉浩,ノーザンファーム,,,3-2-6-33,0-0-0-1,0-1-5-10,0-1-5-10,0-1-3-6,1:29.7,良1:29.7,,,,,1
笠松,20260825,8,4,青,4,オレンタノ,牡,6,芦毛,20200401,ケープブランコ,スノーボードロマン,スウェプトオーヴァーボード,筒井勇,笠松,57,2-3-5-14,田口輝,笠松,吉田勝利,日本中央競馬会日高育,,,7-7-15-46,0-0-1-7,7-7-14-39,7-7-14-38,7-4-6-24,1:29.3,良1:29.6,,,,,1
笠松,20260825,8,5,黄,5,キングオブワールド,牡,4,青鹿毛,20220504,トゥザワールド,エフティベス,ハービンジャー,渡邊竜,笠松,57,2-0-1-0,後藤佑,笠松,会田裕一,習志野牧場,,,3-5-8-17,0-0-0-0,3-5-8-16,2-1-1-4,1-1-0-1,1:30.1,良1:31.7,,,,,1
笠松,20260825,8,6,緑,6,カジカライズ,牡,5,青鹿毛,20210423,シルバーステート,ジプシーマイラブ,Manduro,塚本征,愛知,57,0-1-1-1,藤田正,笠松,（株）ファーストビジョン,長浜牧場,,,5-3-1-16,0-0-0-1,5-3-1-10,2-1-1-4,2-0-1-3,1:30.2,良1:30.2,,,,,1
笠松,20260825,8,7,橙,7,ジョリーメモリー,牡,5,鹿毛,20210406,リアルインパクト,プリンセスメモリー,スウェプトオーヴァーボード,馬渕繁,笠松,57,1-7-4-18,森山英,笠松,海谷幸司,谷岡牧場,,,3-12-5-33,0-0-0-0,3-12-5-31,3-12-5-29,3-7-4-22,1:29.5,良1:29.5,,,,,1
笠松,20260825,8,8,桃,8,エイシンヤタガラス,牡,4,黒鹿毛,20220411,ディーマジェスティ,エイシンノーティス,キングカメハメハ,明星晴,笠松,57,0-0-0-1,笹野博,笠松,平井克彦,曾我博,,,6-6-0-9,0-0-0-0,6-6-0-5,6-6-0-2,4-1-0-1,1:29.0,良1:29.0,,,,,1
笠松,20260825,9,1,白,1,サンセットカラー,牝,5,鹿毛,20210505,シャンハイボビー,レーヴドベティ,ロックオブジブラルタル,馬渕繁,笠松,55,1-0-1-2,森山英,笠松,山邉浩,橋本牧場,,,6-4-7-32,1-0-3-8,5-4-4-24,5-4-4-22,0-0-0-0,,,,,,,1
笠松,20260825,9,2,黒,2,ラグーン,牝,4,黒鹿毛,20220427,ミッキーアイル,オーシャンズ,サウスヴィグラス,深澤杏,笠松,◇53,1-3-2-6,栗本陽,笠松,吉田勝利,フジワラフアーム,,,4-4-5-28,0-0-1-4,4-4-4-24,2-4-3-20,0-1-1-2,1:45.5,良1:45.9,,,,,1
笠松,20260825,9,3,赤,3,ウィズフィリップ,牡,6,黒鹿毛,20200130,シルバーステート,フィオレロ,エンパイアメーカー,塚本征,愛知,58,2-0-0-0,後藤佑,笠松,山科統,杵臼牧場,,,7-3-1-25,0-0-0-5,7-3-1-20,6-2-0-7,2-0-0-1,1:44.4,良1:44.4,,,,,1
笠松,20260825,9,4,青,4,リョーマ,牡,4,栗毛,20220504,ゴールドドリーム,ファミリーソング,グラスワンダー,渡邊竜,笠松,57,5-5-2-0,伊藤強,笠松,鈴木和彦,ヒカル牧場,,,7-6-4-11,0-0-0-0,7-6-4-10,7-6-4-10,0-1-1-1,1:44.8,良1:44.8,,,,,1
笠松,20260825,9,5,黄,5,レクランスリール,牝,6,鹿毛,20200420,ドレフォン,スリールドランジュ,ゼンノロブロイ,松本一,笠松,55,1-0-0-9,伊藤好,笠松,（有）ホースケア,坂東牧場,,,6-1-5-40,0-0-0-7,6-1-5-29,4-0-2-15,0-0-0-0,,,,,,,1
笠松,20260825,9,6,緑,6,セルクルクルミ,牝,8,青鹿毛,20180316,エスケンデレヤ,ゴールドハーツ,ハーツクライ,高木健,笠松,55,0-1-2-22,川嶋弘,笠松,（有）木村牧場,沖田牧場,,,11-12-19-80,1-0-1-17,10-12-18-63,10-12-18-63,0-1-1-3,1:43.9,良1:46.1,,,,,1
笠松,20260825,9,7,橙,7,スマートテンペスト,牡,4,芦毛,20220404,スマートオーディン,スマートサクソン,ドリームジャーニー,森島貴,笠松,57,0-0-0-1,伊藤強,笠松,（同）ＪＰＮ技研,杵臼牧場,,,3-5-1-17,0-0-1-4,3-5-0-12,2-2-0-5,0-0-0-1,1:45.4,良1:45.4,,,,,1
笠松,20260825,9,8,桃,8,マイネルジュリアン,牡,6,栗毛,20200211,スクリーンヒーロー,コスモルーシー,マイネルラヴ,阿部基,笠松,☆56,0-0-0-0,加藤幸,笠松,桑田照夫,ビッグレッドファーム,,,5-7-11-28,0-0-0-0,5-7-11-26,0-0-0-1,0-0-0-0,,,,,,,1
笠松,20260825,9,8,桃,9,アンテナラスト,牝,5,黒鹿毛,20210202,キズナ,ヤマノラヴ,アグネスデジタル,大原浩,笠松,55,2-5-2-11,森山英,笠松,（有）ランドエコノミーコンサルタント,チャンピオンズファー,,,5-6-7-28,0-0-0-0,5-6-7-28,2-6-3-16,0-0-0-4,1:44.6,良1:45.9,,,,,1
笠松,20260825,10,1,白,1,コンヴェックス,牝,4,鹿毛,20220424,アドマイヤマーズ,コンケイヴ,"Colonel John",丸野勝,愛知,55,1-2-0-1,加藤幸,笠松,上山泰憲,高昭牧場,,,4-5-1-12,0-0-0-0,4-5-1-9,4-5-1-9,4-5-1-6,1:30.2,良1:30.2,,,,,1
笠松,20260825,10,2,黒,2,ヨーコマイラヴ,牝,7,黒鹿毛,20190429,トゥザグローリー,レディマハロ,フォーティナイナー,松本一,笠松,55,5-3-3-12,川嶋弘,笠松,田中良輝,室田千秋,,,13-8-6-21,0-0-0-2,13-8-6-19,13-8-6-17,12-8-5-13,1:28.4,良1:28.4,,,,,1
笠松,20260825,10,3,赤,3,ケンヴェンツェル,牡,5,鹿毛,20210517,ファインニードル,ケンアマツカゼ,マーベラスサンデー,筒井勇,笠松,57,1-0-0-0,田口輝,笠松,中西宏彰,有限会社ケンブリッジ,,,3-7-4-16,0-0-0-3,3-7-4-10,2-5-3-4,2-1-2-2,1:29.1,良1:29.1,,,出走取消,,
笠松,20260825,10,4,青,4,マルヨファーザ,牝,5,栗毛,20210405,フリオーソ,マルヨカルボマキ,ゴールドアリュール,東川慎,笠松,55,4-7-4-16,柴田高,笠松,武仲勝,鈴木武蔵,,,6-8-5-23,0-0-0-0,6-8-5-23,6-8-5-20,5-4-3-13,1:29.0,良1:29.0,,,,,1
笠松,20260825,10,5,黄,5,マリアナジャズ,牡,5,栗毛,20210428,ディスクリートキャット,カスタネット,パイロ,塚本征,愛知,57,0-0-0-4,藤田正,笠松,手嶋康雄,佐竹学,,,2-10-5-34,0-5-2-15,2-5-3-19,0-0-0-1,0-0-0-0,,,,,,,1
笠松,20260825,10,6,緑,6,シュレディンガー,牡,5,鹿毛,20210405,リアルスティール,スプレンダー,ファンタスティックライト,高木健,笠松,57,1-3-1-5,田口輝,笠松,風早信昭,奥山牧場,,,5-6-11-29,0-0-0-0,5-6-11-27,5-6-10-21,3-5-10-15,1:28.7,良1:28.7,,,,,1
笠松,20260825,10,7,橙,7,ヒルノガリシア,牡,4,鹿毛,20220514,ノーブルミッション,ヒルノケアンズ,ハーツクライ,渡邊竜,笠松,57,1-0-0-0,後藤佑,笠松,（株）ヒルノ,サカイファーム,,,4-3-3-14,0-0-0-1,4-3-3-5,4-3-3-5,3-3-3-1,1:29.7,良1:29.7,,,,,1
笠松,20260825,10,7,橙,8,サツキバラード,牝,5,芦毛,20210326,ダノンバラード,エヌティボタン,アドマイヤコジーン,明星晴,笠松,55,1-4-2-5,伊藤強,笠松,小野博郷,賀張中川牧場,,,4-8-6-23,0-0-0-0,4-8-6-20,4-8-6-20,4-6-5-13,1:30.1,良1:30.1,,,,,1
笠松,20260825,10,8,桃,9,コパノモナルカ,牝,6,栗毛,20200217,コパノリッキー,レッドビアンカ,"Hard Spun",向山牧,笠松,55,4-2-5-18,後藤正,笠松,野村和生,タガミファーム,,,7-3-5-47,0-0-0-0,7-3-5-47,4-2-5-18,3-2-3-12,1:27.6,良1:27.6,,,,,1
笠松,20260825,10,8,桃,10,ビナホイアン,牡,7,鹿毛,20190428,ホッコータルマエ,アエノアビリティー,ヨハネスブルグ,細川智,愛知,57,0-0-0-0,加藤幸,笠松,栗東総合産業（株）,プログレスファーム,,,2-5-6-37,0-1-1-3,2-4-5-34,0-1-2-3,0-1-2-2,1:30.0,良1:30.0,,,,,1
門別,20260825,1,1,白,1,イゼルトヴァルト,牝,2,芦毛,20240323,スマートファルコン,スノージュエリー,ウインバリアシオン,石川倭,北海道,55,0-1-0-1,齊藤正,北海道,杉本イムティアーズアモンド卓弥,竹中牧場,,,0-1-0-3,0-0-0-0,0-1-0-3,0-1-0-3,0-1-0-3,1:03.9,良1:03.9,,,,,1
門別,20260825,1,2,黒,2,リックグールド,牡,2,栗毛,20240310,アニマルキングダム,リックブライアン,ブライアンズタイム,黒澤愛,北海道,55,0-0-0-3,森山雄,北海道,山邉浩,荒木貴宏,,,0-0-0-3,0-0-0-0,0-0-0-3,0-0-0-3,0-0-0-3,1:06.3,良1:07.2,,,,,1
門別,20260825,1,3,赤,3,カンヒザクラ,牝,2,栗毛,20240604,タワーオブロンドン,リローズ,タートルボウル,藤田駕,北海道,☆54,0-0-0-0,川島雅,北海道,シグラップ・マネジメント（株）,田上雄二,,,0-0-0-5,0-0-0-0,0-0-0-5,0-0-0-5,0-0-0-3,1:04.2,良1:04.2,,,,,1
門別,20260825,1,4,青,4,チェックレイズ,牡,2,芦毛,20240225,マスターフェンサー,メモリアビアンカ,クロフネ,小川悠,北海道,▲52,0-0-0-1,小野望,北海道,石川貴久,ムラカミファーム,,,0-0-0-4,0-0-0-0,0-0-0-4,0-0-0-4,0-0-0-2,1:03.6,良1:03.6,,,,,1
門別,20260825,1,5,黄,5,サンヨウトッパコウ,牝,2,鹿毛,20240411,マクフィ,アンフルール,ジャスタウェイ,岩橋勇,北海道,55,0-0-0-1,山田和,北海道,上野孝展,阿部栄乃進,,,0-0-1-1,0-0-0-0,0-0-1-1,0-0-1-1,0-0-1-1,1:03.2,良1:03.5,,,,,1
門別,20260825,1,5,黄,6,エスペランサヘーザ,牝,2,鹿毛,20240312,ディープブリランテ,ロイヤルムーン,アドマイヤムーン,金山昇,北海道,55,0-0-0-0,柳澤好,北海道,織田洋介,中川隆,,,0-0-0-3,0-0-0-0,0-0-0-3,0-0-0-3,0-0-0-3,1:06.0,良1:06.0,,,,,1
門別,20260825,1,6,緑,7,イコロ,牝,2,青鹿毛,20240325,ニューイヤーズデイ,ティックルゴールド,ステイゴールド,小野楓,北海道,55,0-2-0-2,小野望,北海道,北村泰規,上水牧場,,,0-2-0-2,0-0-0-0,0-2-0-2,0-2-0-2,0-2-0-1,1:03.0,良1:03.0,,,,,1
門別,20260825,1,6,緑,8,ポコアポコ,牡,2,芦毛,20240506,ダンカーク,ウェットサンプ,シニスターミニスター,望月洵,北海道,55,0-0-0-0,小国博,北海道,牧野聖子,徳本幸雄,,,0-0-0-2,0-0-0-0,0-0-0-2,0-0-0-2,0-0-0-1,1:03.7,,,,,,1
門別,20260825,1,7,橙,9,ヘルエッジロード,牡,2,鹿毛,20240516,マテラスカイ,アリアプーラ,"Flying Spur",阿部龍,北海道,55,0-0-0-1,佐久雅,北海道,一村哲也,ガーベラパークスタツ,,,0-0-0-1,0-0-0-0,0-0-0-1,0-0-0-1,0-0-0-1,1:03.4,,,,,,1
門別,20260825,1,7,橙,10,ブルームスター,牝,2,鹿毛,20240508,ミスチヴィアスアレックス,ケージーサクランボ,キングカメハメハ,服部茂,北海道,55,0-0-0-0,佐々国,北海道,岩崎僖澄,松木加代,,,0-0-1-0,0-0-0-0,0-0-1-0,0-0-1-0,0-0-0-0,,,,,,,1
門別,20260825,1,8,桃,11,サザンザバロン,牡,2,黒鹿毛,20240417,サンライズノヴァ,ユリシスフライ,ジャングルポケット,落合玄,北海道,55,0-0-0-0,川島洋,北海道,村山忠弘,有限会社松田牧場,,,0-1-0-5,0-0-0-0,0-1-0-5,0-1-0-5,0-1-0-4,1:02.5,良1:03.3,,,,,1
門別,20260825,1,8,桃,12,クラエンデバー,牝,2,鹿毛,20240327,エピカリス,クラミネルヴァ,フサイチコンコルド,宮内勇,北海道,55,0-0-0-1,松本隆,北海道,倉見利弘,倉見牧場,,,0-1-0-1,0-0-0-0,0-1-0-1,0-1-0-1,0-1-0-0,1:04.3,良1:04.3,,,,,1
門別,20260825,2,1,白,1,ピーヴイビクトリア,牝,2,鹿毛,20240330,バゴ,ミッキーマンドリン,ロードカナロア,宮内勇,北海道,55,0-0-0-0,川島洋,北海道,下川欣一,藤川フアーム,,,0-0-0-1,0-0-0-0,0-0-0-1,0-0-0-1,0-0-0-0,,,,,,,1
門別,20260825,2,2,黒,2,バイノバイノバイ,牝,2,青鹿毛,20240217,ミッキーロケット,ダノンアモーレ,ディープインパクト,金山昇,北海道,55,0-0-0-0,森山雄,北海道,（株）吉永ファーム,三好牧場,,,0-0-0-2,0-0-0-0,0-0-0-2,0-0-0-2,0-0-0-2,1:05.7,良1:05.7,,,,,1
門別,20260825,2,3,赤,3,コイスルキモチ,牝,2,黒鹿毛,20240217,ケイティブレイブ,ジュエルヨコハマ,メイショウサムソン,黒澤愛,北海道,55,0-0-0-1,沼澤英,北海道,谷祐介,ホースガーデンしらお,,,0-0-0-1,0-0-0-0,0-0-0-1,0-0-0-1,0-0-0-1,1:05.1,良1:05.1,,,,,1
門別,20260825,2,4,青,4,アイルドフルール,牝,2,鹿毛,20240511,ミッキーアイル,セトノミッシー,ゴールドアリュール,藤田駕,北海道,☆54,0-0-0-0,小野望,北海道,多田信尊,滝本健二,,,0-0-0-4,0-0-0-0,0-0-0-0,0-0-0-0,0-0-0-0,,,,,,,1
門別,20260825,2,5,黄,5,トーケンジンフィズ,牝,2,鹿毛,20240211,ホッコータルマエ,ルナブランカ,クロフネ,岩橋勇,北海道,55,0-0-0-0,佐々国,北海道,トーケンサービス（株）,グローリーファーム,,,0-0-1-0,0-0-0-0,0-0-1-0,0-0-1-0,0-0-1-0,1:03.3,良1:03.3,,,,,1
門別,20260825,2,5,黄,6,イイヒタビダチ,牡,2,鹿毛,20240417,インディチャンプ,ラサンバ,Orientate,落合玄,北海道,55,0-0-0-0,村上正,北海道,中西功,守矢牧場,,,0-0-0-4,0-0-0-0,0-0-0-4,0-0-0-4,0-0-0-2,1:03.3,良1:03.3,,,,,1
門別,20260825,2,6,緑,7,シレテヴェンティ,牡,2,栗毛,20240319,ルヴァンスレーヴ,ミガット,マンハッタンカフェ,小川悠,北海道,▲52,0-0-0-2,川島雅,北海道,ＫＡＪＩＭＯＴＯＨＤ（株）,田端牧場,,,0-0-0-2,0-0-0-0,0-0-0-2,0-0-0-2,0-0-0-0,,,,,,,1
門別,20260825,2,6,緑,8,フォンミー,牝,2,鹿毛,20240413,チュウワウィザード,ゴッドバンブルビー,ヘニーヒューズ,石川倭,北海道,55,0-0-0-2,米川昇,北海道,森永聡,森永聡,,,0-0-0-4,0-0-0-0,0-0-0-4,0-0-0-4,0-0-0-4,1:03.5,良1:03.5,,,,,1
門別,20260825,2,7,橙,9,ベストスカイ,牝,2,鹿毛,20240331,エスポワールシチー,ミスティコンクエスト,Mujadil,小野楓,北海道,55,0-1-0-2,小野望,北海道,（株）オールベスト,多田善弘,,,0-1-0-2,0-0-0-0,0-1-0-2,0-1-0-2,0-1-0-1,1:02.6,,,,,,1
門別,20260825,2,7,橙,10,スダレ,牡,2,芦毛,20240322,トゥザワールド,ホワイトシスネ,ロージズインメイ,桑村真,北海道,55,0-1-0-1,齊藤正,北海道,（有）龍光,長浜忠,,,0-1-0-3,0-0-0-0,0-1-0-3,0-1-0-3,0-1-0-2,1:02.9,良1:02.9,,,,,1
門別,20260825,2,8,桃,11,ツムギノワンワン,牝,2,黒鹿毛,20240325,バンドワゴン,ユニヴァースパール,ネオユニヴァース,松井伸,北海道,55,0-0-0-1,柳澤好,北海道,成富直行,若林順一,,,0-0-0-4,0-0-0-0,0-0-0-4,0-0-0-4,0-0-0-4,1:04.1,良1:04.1,,,,,1
門別,20260825,2,8,桃,12,カゾクノアイ,牝,2,鹿毛,20240323,イスラボニータ,アトレヴィード,ルーラーシップ,亀井洋,北海道,55,0-0-0-1,小国博,北海道,澤風哉,高村牧場,,,0-0-0-2,0-0-0-0,0-0-0-2,0-0-0-2,0-0-0-2,1:05.4,良1:05.4,,,,,1
門別,20260825,3,1,白,1,マルホ,牝,2,鹿毛,20240329,ヴァンゴッホ,ダリナー,Shamardal,岩橋勇,北海道,55,0-0-0-0,田中淳,北海道,和田博美,オカモトファーム,,,0-0-0-1,0-0-0-0,0-0-0-1,0-0-0-1,0-0-0-1,1:11.5,,,,,,1
門別,20260825,3,2,黒,2,ブルーアルバム,牝,2,芦毛,20240427,ダノンレジェンド,キセキノハナ,ネオユニヴァース,藤田駕,北海道,☆54,0-1-0-2,佐々国,北海道,（有）新生ファーム,宮内牧場,,,0-1-0-3,0-0-0-0,0-1-0-3,0-1-0-3,0-0-0-0,,,,,,,1
門別,20260825,3,3,赤,3,ブエナポストゥーラ,牝,2,鹿毛,20240410,エフフォーリア,ベラポーサ,Tapit,望月洵,北海道,55,0-0-0-0,田中淳,北海道,吉田正志,追分ファーム,,,0-0-0-2,0-0-0-0,0-0-0-2,0-0-0-2,0-0-0-2,1:10.1,良1:10.2,,,,,1
門別,20260825,3,4,青,4,ドリームパラダイス,牝,2,黒鹿毛,20240324,リオンディーズ,ウイングパラダイス,メイショウサムソン,阿部龍,北海道,55,0-0-0-0,齊藤正,北海道,沖田方子,沖田牧場,,,0-0-1-3,0-0-0-0,0-0-1-3,0-0-1-3,0-0-0-1,1:11.5,,,,,,1
門別,20260825,3,5,黄,5,ラヴィアール,牝,2,鹿毛,20240307,シュヴァルグラン,ハルトリーゲル,ファスリエフ,桑村真,北海道,55,0-0-0-0,櫻井拓,北海道,太田雅貴,シンカンファーム,,,0-1-1-6,0-0-0-0,0-1-1-6,0-1-1-6,0-1-0-5,1:10.3,良1:10.3,,,,,1
門別,20260825,3,5,黄,6,ダスティミラー,牝,2,芦毛,20240209,ルヴァンスレーヴ,エレガンスルブラ,キングカメハメハ,小野楓,北海道,55,0-1-0-3,小野望,北海道,（株）マフィン,藤本ファーム,,,0-1-0-3,0-0-0-0,0-1-0-3,0-1-0-3,0-0-0-0,,,,,,,1
門別,20260825,3,6,緑,7,パーフェクトナイト,牝,2,栗毛,20240408,カレンブラックヒル,エイシンヴィーヴォ,サウスヴィグラス,亀井洋,北海道,55,0-0-1-0,佐々国,北海道,日吉純一,高岸順一,,,0-0-2-0,0-0-0-0,0-0-2-0,0-0-2-0,0-0-0-0,,,,,,,1
門別,20260825,3,6,緑,8,ウィルスパングル,牝,2,黒鹿毛,20240422,ウィルテイクチャージ,スパンコール,ダイワメジャー,石川倭,北海道,55,0-0-0-0,小国博,北海道,前田良平,ヤスナカファーム,,,0-0-0-4,0-0-0-0,0-0-0-4,0-0-0-4,0-0-0-3,1:10.8,良1:11.0,,,,,1
門別,20260825,3,7,橙,9,フォーエバーエデン,牝,2,鹿毛,20240323,フォーウィールドライブ,キーエデン,バトルプラン,服部茂,北海道,55,0-0-0-3,松本隆,北海道,吉本亮,元茂修一,,,0-0-0-3,0-0-0-0,0-0-0-3,0-0-0-3,0-0-0-2,1:10.3,良1:10.3,,,,,1
門別,20260825,3,7,橙,10,ヴィーナスマインド,牝,2,黒鹿毛,20240508,ホッコータルマエ,デア,ディープインパクト,落合玄,北海道,55,0-0-0-0,村上正,北海道,蔀英二,カナイシスタッド,,,0-0-0-3,0-0-0-0,0-0-0-3,0-0-0-3,0-0-0-0,,,,,,,1
門別,20260825,3,8,桃,11,サンヨウイニシャル,牝,2,栗毛,20240324,インカンテーション,ピーチファービー,ハードスパン,松井伸,北海道,55,0-0-0-2,山田和,北海道,上野孝展,富田恭司,,,0-0-0-2,0-0-0-0,0-0-0-2,0-0-0-2,0-0-0-2,1:11.2,良1:11.2,,,,,1
門別,20260825,3,8,桃,12,リヴァモアザン,牝,2,黒鹿毛,20240201,ハタノヴァンクール,ブレイクフリー,ヴァーミリアン,黒澤愛,北海道,55,0-0-0-1,森山雄,北海道,渋谷健作,新生ファーム,,,0-1-1-1,0-0-0-0,0-1-1-1,0-1-1-1,0-1-1-1,1:09.4,良1:09.4,,,,,1
門別,20260825,4,1,白,1,アオフガーベ,牡,2,黒鹿毛,20240304,ホッコータルマエ,ドゥエルメス,スマートファルコン,桑村真,北海道,55,0-1-0-0,角川秀,北海道,（株）ＧＥＴＮＥＸＴ,ディアレストクラブ,,,0-1-0-2,0-0-0-0,0-1-0-2,0-1-0-2,0-1-0-0,1:10.1,良1:10.1,,,,,1
門別,20260825,4,2,黒,2,モーニングヒカル,牡,2,栗毛,20240323,オルフェーヴル,オヴァンボクイーン,Kalatos,宮内勇,北海道,55,0-0-0-4,川島洋,北海道,今朝光,社台ファーム,,,0-0-0-7,0-0-0-0,0-0-0-7,0-0-0-7,0-0-0-2,1:12.0,良1:12.9,,,,,1
門別,20260825,4,3,赤,3,マホウ,牝,2,鹿毛,20240426,バンドワゴン,サクラステラーノ,サクラプレジデント,小野楓,北海道,55,0-0-0-1,小野望,北海道,下川欣一,谷岡牧場,,,0-1-0-3,0-0-0-0,0-1-0-3,0-1-0-3,0-1-0-2,1:09.0,良1:10.1,,,,,1
門別,20260825,4,4,青,4,エムティアドニス,牡,2,黒鹿毛,20240402,サイモンラムセス,ミユキアフロディテ,ベルシャザール,服部茂,北海道,55,0-0-0-1,田中淳,北海道,（株）門別牧場,白瀬盛雄,,,0-0-0-1,0-0-0-0,0-0-0-1,0-0-0-1,0-0-0-0,,,,,,,1
門別,20260825,4,5,黄,5,リュウノソイジャー,牡,2,鹿毛,20240328,アルアイン,レッドエレンシア,ジャングルポケット,藤田駕,北海道,☆54,0-0-0-0,山田和,北海道,蓑島竜一,信岡牧場,,,0-0-0-4,0-0-0-0,0-0-0-4,0-0-0-4,0-0-0-2,1:10.0,良1:10.0,,,,,1
門別,20260825,4,6,緑,6,デンノウガール,牝,2,鹿毛,20240310,サンダースノー,ムスターヴェルク,ハーツクライ,石川倭,北海道,55,0-1-1-0,小国博,北海道,兼松康太,ヤスナカファーム,,,0-2-1-2,0-0-0-0,0-2-1-2,0-2-1-2,0-2-1-1,1:09.2,良1:09.4,,,,,1
門別,20260825,4,7,橙,7,タッタータ,牝,2,黒鹿毛,20240320,ビーチパトロール,アルジェンタータ,ハーツクライ,亀井洋,北海道,55,0-0-0-1,佐々国,北海道,岡田壮史,岡田スタツド,,,0-0-0-1,0-0-0-0,0-0-0-1,0-0-0-1,0-0-0-0,,,,,,,1
門別,20260825,4,7,橙,8,ヤングゼネラル,牡,2,栗毛,20240405,ケイティブレイブ,ナイスゴールド,サウスヴィグラス,望月洵,北海道,55,0-0-0-0,齊藤正,北海道,大栗芳一,細川牧場,,,0-0-0-7,0-0-0-0,0-0-0-7,0-0-0-7,0-0-0-2,1:11.3,良1:11.5,,,,,1
門別,20260825,4,8,桃,9,ダリサス,牡,2,鹿毛,20240325,アルアイン,チビラーサン,ケープブランコ,松井伸,北海道,55,0-0-0-1,川島雅,北海道,ＫＡＪＩＭＯＴＯＨＤ（株）,タイヘイ牧場,,,0-0-0-2,0-0-0-0,0-0-0-2,0-0-0-2,0-0-0-0,,,,,,,1
門別,20260825,4,8,桃,10,ベラジオファイト,牡,2,鹿毛,20240409,ニューイヤーズデイ,スイートガーデン,ブラックタイド,落合玄,北海道,55,0-0-0-2,田中淳,北海道,ベラジオコーポレーション（株）,有限会社大作ステーブ,,,0-0-0-3,0-0-0-0,0-0-0-3,0-0-0-3,0-0-0-1,1:10.7,良1:10.7,,,,,1
門別,20260825,5,1,白,1,カインドオブユー,牡,5,黒鹿毛,20210330,バゴ,カインドオブブルー,クロフネ,松井伸,北海道,57,0-1-0-3,桧森邦,北海道,伊藤弘泰,アサヒ牧場,,,1-6-5-22,0-0-0-0,1-6-5-22,0-2-2-10,0-2-2-4,1:16.1,良1:16.1,,,,,1
門別,20260825,5,2,黒,2,クロームボーイ,牡,3,栗毛,20230212,カリフォルニアクローム,マーブルレディー,ダイワメジャー,岩橋勇,北海道,57,0-1-2-3,千葉津,北海道,冨沢敦子,三石川上牧場,,,0-1-2-3,0-0-0-0,0-1-2-3,0-1-2-3,0-0-0-0,,,,,,,1
門別,20260825,5,3,赤,3,ミスカノヤローザ,牝,3,鹿毛,20230423,ニューイヤーズデイ,ピンクシャンパン,ディープインパクト,望月洵,北海道,55,0-0-0-0,田中淳,北海道,（有）二風谷ファーム,富田牧場,,,0-0-1-1,0-0-0-0,0-0-1-1,0-0-1-1,0-0-1-1,1:16.3,良1:16.4,,,,,1
門別,20260825,5,4,青,4,アーススカイ,牡,14,鹿毛,20120404,リンカーン,サチノスイーティー,カリスタグローリ,石川倭,北海道,57,0-0-0-4,岡島玉,北海道,松山増男,競優牧場,,,11-10-18-108,4-0-2-7,7-10-16-97,7-9-16-94,0-0-3-21,1:14.7,良1:16.4,,,,,1
門別,20260825,5,5,黄,5,アースミラーレ,セン,7,栗毛,20190425,アッミラーレ,シュガークラフト,ペンタイア,若杉朝,北海道,57,0-0-0-4,岡島玉,北海道,松山増男,高橋啓,,,1-0-1-28,0-0-1-6,1-0-0-22,1-0-0-22,0-0-0-3,1:17.6,良1:17.6,,,,,1
門別,20260825,5,6,緑,6,ユーダイモニア,牡,3,黒鹿毛,20230328,ゴールドドリーム,ショコラーチ,キンシャサノキセキ,藤田駕,北海道,☆56,0-0-0-0,齊藤正,北海道,高瀬真尚,本間牧場,,,0-0-0-0,0-0-0-0,0-0-0-0,0-0-0-0,0-0-0-0,,,,,,,1
門別,20260825,5,6,緑,7,モーモーインディゴ,牡,3,黒鹿毛,20230314,サトノクラウン,シュンガイト,キンシャサノキセキ,吉本隆,北海道,57,0-0-0-4,佐藤英,北海道,小橋亮太,折手牧場,,,0-1-2-24,0-0-0-0,0-1-2-24,0-0-0-22,0-0-0-11,1:18.4,良1:18.6,,,,,1
門別,20260825,5,7,橙,8,コユキチャン,牝,4,栗毛,20220408,エポカドーロ,コハルチャン,スクリーンヒーロー,黒澤愛,北海道,55,1-0-2-9,森山雄,北海道,荒木貴宏,荒木貴宏,,,1-4-8-28,0-0-0-0,1-4-8-28,1-1-5-22,0-1-5-15,1:15.9,良1:17.1,,,,,1
門別,20260825,5,7,橙,9,ボブノップスターン,セン,3,栗毛,20230318,コパノリッキー,パイメイメイ,ファルブラヴ,宮内勇,北海道,57,0-0-1-0,川島洋,北海道,ウエスト．フォレスト．ステイブル（株）,藤川フアーム,,,0-0-1-0,0-0-0-0,0-0-1-0,0-0-1-0,0-0-1-0,1:16.3,良1:16.3,,,,,1
門別,20260825,5,8,桃,10,セイランクロフネ,牝,7,芦毛,20190317,クロフネ,ワンダフルバディ,ハーツクライ,小川悠,北海道,▲52,0-0-1-4,村上正,北海道,田中芳郎,青藍牧場,,,2-4-9-50,0-0-0-0,2-4-9-50,2-4-9-50,2-4-8-39,1:14.5,良1:15.7,,,,,1
門別,20260825,5,8,桃,11,フルボーグ,牡,4,黒鹿毛,20220318,キズナ,メリッサ,ホワイトマズル,阿部龍,北海道,57,0-4-1-3,角川秀,北海道,高樽秀夫,岡田スタツド,,,0-4-1-11,0-0-0-1,0-4-1-8,0-4-1-7,0-4-1-3,1:15.8,良1:16.4,,,,,1
門別,20260825,6,1,白,1,ニシノサーフ,牝,3,黒鹿毛,20230321,セイウンコウセイ,リップル,アグネスタキオン,小野楓,北海道,55,0-0-1-1,五十冬,北海道,西山茂行,西山牧場,,,1-0-1-2,0-0-0-0,1-0-1-2,1-0-1-2,1-0-1-2,1:02.4,良1:03.1,,,,,1
門別,20260825,6,2,黒,2,トモノタツミ,牝,3,黒鹿毛,20230428,パドトロワ,キリノセンターガイ,ベルシャザール,松井伸,北海道,55,1-2-3-2,黒川智,北海道,（株）大高建設,大高朝幸,,,2-4-3-10,0-0-0-0,2-4-3-10,2-4-3-10,1-1-3-6,1:02.0,良1:02.0,,,,,1
門別,20260825,6,3,赤,3,アミラジオネ,牝,4,鹿毛,20220311,リアルスティール,トラストフェアリー,ケイムホーム,宮内勇,北海道,55,0-1-1-2,川島洋,北海道,今村明浩,梅田牧場,,,0-3-3-13,0-2-1-6,0-1-2-4,0-1-1-2,0-1-1-2,1:01.8,良1:02.8,,,,,1
門別,20260825,6,4,青,4,ダイメイイースター,牝,8,黒鹿毛,20180505,ディスクリートキャット,ダイメイザバリヤル,ダンスインザダーク,桑村真,北海道,55,0-0-0-0,岡島玉,北海道,宮本孝一,横井哲,,,3-6-2-45,0-1-0-2,3-5-2-42,2-4-2-35,2-4-1-18,1:01.9,良1:02.3,,,,,1
門別,20260825,6,5,黄,5,フレッシュノウエ,牝,4,青鹿毛,20220404,ノヴェリスト,リブレドバンク,ネオユニヴァース,望月洵,北海道,55,0-0-0-0,山田和,北海道,高田遼,岡田スタツド,,,1-6-1-15,0-0-0-0,1-6-1-15,0-1-0-5,0-1-0-3,1:02.9,良1:02.9,,,,,1
門別,20260825,6,5,黄,6,ネクストトゥーユー,牝,3,鹿毛,20230208,オーヴァルエース,シイラヴズユウ,スマートファルコン,藤田駕,北海道,☆54,0-0-0-2,佐藤英,北海道,小橋亮太,小野瀬竜馬,,,1-0-3-17,0-0-0-0,1-0-3-17,1-0-3-13,1-0-3-13,1:03.4,良1:03.5,,,,,1
門別,20260825,6,6,緑,7,トーケンアーサー,牝,8,栗毛,20180311,サウスヴィグラス,バンダ,キングヘイロー,亀井洋,北海道,55,3-4-5-44,佐々国,北海道,トーケンサービス（株）,上水牧場,,,4-8-11-72,0-1-0-13,4-7-11-59,4-7-11-59,4-7-10-37,1:00.8,良1:01.9,,,,,1
門別,20260825,6,6,緑,8,クイーンズパーク,牝,3,黒鹿毛,20230306,シスキン,パリーナチャン,メイショウオウドウ,石川倭,北海道,55,0-0-0-1,小国博,北海道,永田博之,松栄牧場,,,0-0-1-2,0-0-0-0,0-0-1-1,0-0-1-1,0-0-0-1,1:02.6,,,,,,1
門別,20260825,6,7,橙,9,ノーマンズランド,牝,5,鹿毛,20210411,ディスクリートキャット,ボーダレス,アドマイヤムーン,金山昇,北海道,55,0-0-0-0,米川昇,北海道,原口章,ダーレー・ジャパン・,,,1-3-2-28,0-0-0-2,1-3-2-26,0-0-0-4,0-0-0-3,1:02.4,良1:03.2,,,,,1
門別,20260825,6,7,橙,10,シルバーコムコム,牝,4,芦毛,20220510,シルバーステート,グローリサンディ,エイシンサンディ,服部茂,北海道,55,1-0-0-8,齊藤正,北海道,岡内義幸,中本牧場,,,2-3-1-28,0-0-0-0,2-3-1-28,2-1-1-21,2-1-1-18,1:02.8,良1:02.8,,,,,1
門別,20260825,6,8,桃,11,シャンノヴァ,牝,4,鹿毛,20220413,タリスマニック,シンメトリック,アドマイヤムーン,小川悠,北海道,▲52,1-0-1-1,桧森邦,北海道,原口章,原口牧場,,,1-1-6-21,0-0-0-0,1-1-6-21,1-1-6-21,1-1-6-20,1:03.1,良1:03.1,,,,,1
門別,20260825,6,8,桃,12,イントルーダー,牡,3,鹿毛,20230610,モーニン,ダンスバンド,エイシンサンディ,岩橋勇,北海道,57,2-3-1-3,石本孝,北海道,加藤鈴幸,熊谷武,,,2-3-1-4,0-0-0-0,2-3-1-4,2-3-1-4,2-2-1-3,1:02.1,良1:02.1,,,,,1
門別,20260825,7,1,白,1,オーヴァザトラブル,牡,3,鹿毛,20230509,サートゥルナーリア,マンゴタンゴ,Siyouni,小野楓,北海道,57,1-4-1-6,小野望,北海道,矢野亨憲,矢野牧場,,,3-7-1-12,0-0-0-0,3-7-1-12,2-6-1-8,0-0-0-0,,,,,,,1
門別,20260825,7,2,黒,2,ピエールエンジェル,牝,3,鹿毛,20230322,サンダースノー,アンドローラ,ネオユニヴァース,岩橋勇,北海道,55,0-0-0-0,廣森久,北海道,工藤栄三,マリオステーブル,,,1-0-2-7,0-0-0-0,1-0-2-7,1-0-2-6,0-0-0-0,,,,,,,1
門別,20260825,7,3,赤,3,アルマロベイラ,牝,8,芦毛,20180328,ジョーカプチーノ,アマダブラム,ダイワメジャー,亀井洋,北海道,55,0-0-0-0,櫻井拓,北海道,組）コウトミックレーシング,小島牧場,,,2-10-7-52,0-0-0-1,2-10-7-49,2-10-7-47,0-0-0-4,1:39.7,良1:39.7,,,,,1
門別,20260825,7,4,青,4,アクシズ,牡,3,鹿毛,20230208,ダノンプレミアム,グラナダ,Galileo,石川倭,北海道,57,0-0-1-1,五十冬,北海道,中村智幸,ケイアイファーム,,,0-1-1-7,0-0-0-1,0-1-1-5,0-1-1-2,0-0-0-0,,,,,,,1
門別,20260825,7,5,黄,5,クールメゾン,牝,4,栗毛,20220409,スワーヴリチャード,アドマイヤシリウス,キングカメハメハ,望月洵,北海道,55,0-0-0-0,田中淳,北海道,久木田隆,隆栄牧場,,,1-0-0-11,0-0-0-0,1-0-0-9,1-0-0-9,0-0-0-2,1:39.8,良1:40.0,,,,,1
門別,20260825,7,6,緑,6,サマーブライド,牝,4,栗毛,20220328,コパノリッキー,サクラステラーノ,サクラプレジデント,落合玄,北海道,55,0-0-0-0,桧森邦,北海道,三岡有香,谷岡牧場,,,1-4-4-16,1-2-2-6,0-2-2-9,0-1-1-1,0-0-0-0,,,,,,,1
門別,20260825,7,7,橙,7,パリコトパナナ,牝,3,鹿毛,20230407,イスラボニータ,ミフリマ,ワークフォース,宮内勇,北海道,55,0-1-0-4,齊藤正,北海道,高瀬真尚,本間牧場,,,1-1-2-9,0-0-0-0,1-1-2-9,1-1-2-9,0-0-1-0,1:40.4,良1:40.4,,,,,1
門別,20260825,7,8,桃,8,ドントゥール,牝,3,黒鹿毛,20230315,エピファネイア,マーチャンテイマー,クロフネ,服部茂,北海道,55,0-0-0-0,田中淳,北海道,飯田正剛,千代田牧場,,,0-0-0-6,0-0-0-0,0-0-0-3,0-0-0-0,0-0-0-0,,,,,,,1
門別,20260825,7,8,桃,9,トーケンナナ,牝,4,鹿毛,20220206,ルヴァンスレーヴ,クイーンダワジャー,キングズベスト,吉本隆,北海道,55,0-0-0-5,佐々国,北海道,トーケンサービス（株）,株式会社ホース・マネ,,,1-1-0-28,0-0-0-0,1-1-0-28,1-1-0-28,0-0-0-2,1:39.5,良1:39.5,,,,,1
門別,20260825,8,1,白,1,ベルケム,牡,3,鹿毛,20230422,サトノジェネシス,カナザワノハナ,タヤスツヨシ,亀井洋,北海道,57,0-1-4-7,佐々国,北海道,岡田孝之,つつみ牧場,,,2-2-5-19,0-0-0-0,2-2-5-19,1-1-5-13,0-0-1-1,1:58.3,良2:00.7,,,,,1
門別,20260825,8,2,黒,2,ヴェインズマン,牡,3,栗毛,20230409,カリフォルニアクローム,チャチャリーノ,"Unbridled's Song",松井伸,北海道,57,0-0-0-1,桧森邦,北海道,（同）ＪＰＮ技研,服部牧場,,,0-0-0-6,0-0-0-0,0-0-0-6,0-0-0-1,0-0-0-0,,,,,,,1
門別,20260825,8,3,赤,3,コーディアリティ,牡,3,青鹿毛,20230412,レイデオロ,メリートーン,クロフネ,服部茂,北海道,57,0-0-0-0,田中淳,北海道,水上行雄,笠松牧場,,,0-0-0-4,0-0-0-3,0-0-0-0,0-0-0-0,0-0-0-0,,,,,,,1
門別,20260825,8,4,青,4,シラカワゴウ,牝,3,鹿毛,20230410,ハービンジャー,ファイヤードラゴン,ジャングルポケット,宮内勇,北海道,55,0-0-0-1,櫻井拓,北海道,萩澤俊雄,静内フアーム,,,0-0-0-8,0-0-0-1,0-0-0-5,0-0-0-4,0-0-0-2,2:03.5,良2:03.5,,,,,1
門別,20260825,8,5,黄,5,ラブレガル,セン,4,黒鹿毛,20220422,ゴールデンマンデラ,ラブミーリル,ハービンジャー,渡邊準,北海道,▲54,0-1-3-3,齊藤正,北海道,内山一郎,ヤナガワ牧場,,,3-3-7-22,0-0-0-0,3-3-7-22,3-1-7-18,0-1-3-3,1:59.8,良1:59.8,,,,,1
門別,20260825,8,6,緑,6,トップオブザキング,牡,3,鹿毛,20230422,ワールドプレミア,メジャーメアリー,ブライアンズタイム,石川倭,北海道,57,0-0-0-0,村上正,北海道,小林章,西村牧場,,,0-0-0-6,0-0-0-1,0-0-0-2,0-0-0-0,0-0-0-0,,,,,,,1
門別,20260825,8,7,橙,7,ホウオウプラージュ,牝,6,栗毛,20200131,ハービンジャー,ベルプラージュ,キングカメハメハ,岩橋勇,北海道,55,0-0-0-12,柳澤好,北海道,成富直行,（有）社台コーポレー,,,6-4-4-49,0-0-0-0,6-4-4-48,4-3-1-35,3-1-1-12,1:57.4,良1:59.4,,,,,1
門別,20260825,8,8,桃,8,キタサンスーザン,牝,3,鹿毛,20230306,キタサンブラック,ディステイン,"Champs Elysees",藤田駕,北海道,☆54,0-0-0-2,五十冬,北海道,（株）大野商事,ノーザンファーム,,,0-1-0-8,0-0-0-0,0-1-0-5,0-1-0-5,0-1-0-2,2:00.1,良2:01.1,,,,,1
門別,20260825,9,1,白,1,コンバットイズモ,牝,3,黒鹿毛,20230510,カレンブラックヒル,パチュリー,キンシャサノキセキ,桑村真,北海道,55,0-0-0-0,山田和,北海道,山根義信,ラツキー牧場,,,1-2-1-10,0-0-0-6,1-2-1-4,1-2-1-1,1-2-1-1,1:02.1,良1:03.1,,,,,1
門別,20260825,9,2,黒,2,ツワ,牝,8,栗毛,20180408,オウケンブルースリ,フリートジュエル,トレジャーアイランド,落合玄,北海道,55,2-4-2-12,佐久雅,北海道,山口久仁子,社台牧場,,,4-9-5-50,0-0-0-0,4-9-5-50,4-9-5-45,4-8-4-33,1:01.0,良1:02.3,,,,,1
門別,20260825,9,3,赤,3,レレリオーナ,牝,3,黒鹿毛,20230509,ディーマジェスティ,ラハイナヌーン,カフェラピード,亀井洋,北海道,55,0-0-0-0,秋田大,北海道,三岡有香,岡田スタツド,,,0-0-0-2,0-0-0-0,0-0-0-0,0-0-0-0,0-0-0-0,,,,,,,1
門別,20260825,9,4,青,4,ジャックルージュ,牡,4,栗毛,20220403,トゥザワールド,チェリールージュ,アドマイヤジャパン,若杉朝,北海道,57,0-0-0-6,黒川智,北海道,服部謙一,織田正敏,,,0-0-1-22,0-0-1-16,0-0-0-6,0-0-0-6,0-0-0-5,1:02.5,良1:02.5,,,,,1
門別,20260825,9,5,黄,5,モーニングアジサイ,牝,3,青鹿毛,20230429,バンブーエール,ウエスタンアモーレ,ブライアンズタイム,小野楓,北海道,55,0-0-0-0,川島洋,北海道,今朝光,ウエスタンファーム,,,2-1-2-18,0-0-0-0,2-1-2-18,1-1-0-17,1-1-0-3,1:03.0,良1:03.0,,,,,1
門別,20260825,9,5,黄,6,エイシンキャノピー,牝,4,鹿毛,20220216,ミッキーロケット,エイシンコアー,エイシンデピュティ,坂下秀,北海道,55,0-0-0-12,秋田大,北海道,北原大史,ホーシィコーヒーハウ,,,2-0-5-45,1-0-1-13,1-0-4-32,1-0-2-32,1-0-1-24,1:02.1,良1:03.7,,,,,1
門別,20260825,9,6,緑,7,メイショウカラクサ,牡,3,鹿毛,20230506,オーヴァルエース,レディーゴー,キンシャサノキセキ,渡邊準,北海道,▲54,1-1-1-3,田中淳,北海道,松本好隆,赤田牧場,,,2-1-1-5,0-0-0-0,2-1-1-5,2-1-1-5,2-1-1-4,1:02.0,良1:02.0,,,,,1
門別,20260825,9,6,緑,8,ペンタフェリーチェ,牝,3,鹿毛,20230412,パドトロワ,サクラフェリーチェ,サクラプレジデント,宮内勇,北海道,55,1-0-1-6,廣森久,北海道,大越徹朗,山田牧場,,,1-0-1-8,0-0-0-0,1-0-1-8,1-0-1-8,1-0-1-5,1:02.8,良1:02.8,,,,,1
門別,20260825,9,7,橙,9,プチビーンズ,牝,4,鹿毛,20220410,オーヴァルエース,レモンイエロー,サクラバクシンオー,黒澤愛,北海道,55,1-0-1-6,森山雄,北海道,高橋真紀,カケハムポニークラブ,,,2-5-3-18,0-1-0-4,2-4-3-14,2-3-3-9,2-3-3-9,1:02.4,良1:02.4,,,,,1
門別,20260825,9,7,橙,10,ドヴォルザーク,牡,6,鹿毛,20200515,アジアエクスプレス,パリーナチャン,メイショウオウドウ,松井伸,北海道,57,0-0-0-6,森山雄,北海道,ＫＡＪＩＭＯＴＯＨＤ（株）,松栄牧場,,,3-4-4-18,0-0-0-2,3-4-4-16,0-0-0-7,0-0-0-2,1:04.1,,,,,,1
門別,20260825,9,8,桃,11,ハッピーピンク,牝,4,鹿毛,20220529,アメリカンペイトリオット,マキノジョリエ,カリズマティック,金山昇,北海道,55,0-0-0-0,桧森邦,北海道,原口章,原口牧場,,,2-3-1-24,0-0-0-0,2-3-1-24,2-3-1-24,2-3-1-17,1:02.7,良1:02.7,,,,,1
門別,20260825,9,8,桃,12,ルナティス,牝,4,鹿毛,20220501,アメリカンペイトリオット,サンライトムーン,キングカメハメハ,小川悠,北海道,▲52,0-0-0-0,米川昇,北海道,原口章,原口牧場,,,0-3-4-8,0-0-0-0,0-3-4-8,0-0-1-1,0-0-0-1,1:04.3,良1:04.3,,,,,1
門別,20260825,10,1,白,1,ウィルアルター,牡,4,鹿毛,20220529,ルヴァンスレーヴ,ギンザフェアレディ,マンハッタンカフェ,落合玄,北海道,57,1-1-0-0,小国博,北海道,前田良平,ナカノファーム,,,2-2-5-5,0-0-0-0,2-2-5-5,2-2-5-5,1-0-2-0,1:52.5,良1:52.5,,,,,1
門別,20260825,10,2,黒,2,ニシノカルラ,牡,3,黒鹿毛,20230210,ヴァンゴッホ,ニシノカグラ,エピファネイア,桑村真,北海道,57,0-0-0-1,沼澤英,北海道,野村祐,メイタイファーム,,,0-0-0-9,0-0-0-0,0-0-0-2,0-0-0-1,0-0-0-0,,,,,,,1
門別,20260825,10,3,赤,3,アースジェイソンテ,牡,6,青鹿毛,20200422,シャンハイボビー,スモーキーヴォイス,ディープインパクト,服部茂,北海道,57,0-0-0-0,岡島玉,北海道,松山増男,三好牧場,,,4-6-5-48,0-0-0-3,4-6-5-44,1-6-2-38,0-3-0-4,1:52.8,良1:52.8,,,,,1
門別,20260825,10,4,青,4,ミサトベレーザ,牝,5,栗毛,20210313,タニノギムレット,ミサトペニー,オペラハウス,松井伸,北海道,55,0-0-0-4,黒川智,北海道,戸部政彦,木村秀則,,,0-1-0-13,0-0-0-0,0-0-0-10,0-0-0-10,0-0-0-2,1:54.5,,,,,,1
門別,20260825,10,5,黄,5,レヴァンターセ,牡,3,青鹿毛,20230323,コントレイル,フェアウェルキッス,ヴィクトワールピサ,小野楓,北海道,57,0-0-0-3,小野望,北海道,（株）リーヴァ,グローリーファーム,,,0-0-0-7,0-0-0-1,0-0-0-6,0-0-0-3,0-0-0-1,1:52.4,,,,,,1
門別,20260825,10,6,緑,6,イチリュウオー,牡,5,青鹿毛,20210416,バゴ,マールデルプラタ,ステイゴールド,藤田駕,北海道,☆56,0-0-0-2,齊藤正,北海道,（有）しょうじ,グローリーファーム,,,0-0-0-17,0-0-0-0,0-0-0-9,0-0-0-9,0-0-0-2,1:53.2,,,,,,1
門別,20260825,10,6,緑,7,マッキュラシオン,牡,3,鹿毛,20230215,イスラボニータ,ジュヴィ,ハーツクライ,宮内勇,北海道,57,0-0-0-0,松本隆,北海道,（株）ＧＥＴＮＥＸＴ,静内フアーム,,,0-1-1-12,0-0-0-0,0-1-1-8,0-1-1-7,0-0-0-1,1:58.0,,,,,,1
門別,20260825,10,7,橙,8,ペプチドエレノア,セン,3,黒鹿毛,20230509,サートゥルナーリア,ヤマカツマリリン,グラスワンダー,岩橋勇,北海道,57,0-0-0-0,田中淳,北海道,岡田隆寛,岡田牧場,,,0-0-0-5,0-0-0-0,0-0-0-1,0-0-0-0,0-0-0-0,,,,,,,1
門別,20260825,10,7,橙,9,リアル,牝,3,鹿毛,20230320,リアルスティール,シナル,キングカメハメハ,石川倭,北海道,55,0-0-0-0,五十冬,北海道,加藤天明,株式会社加藤ステーブ,,,0-1-1-2,0-0-0-0,0-1-0-1,0-1-0-0,0-0-0-0,,,,,,,1
門別,20260825,10,8,桃,10,ミノベル,牡,3,鹿毛,20230311,サトノクラウン,ホローポ,ゼンノロブロイ,金山昇,北海道,57,0-0-0-0,柳澤好,北海道,増田吉彦,長谷川牧場,,,2-3-2-13,0-2-1-2,2-1-1-11,2-1-1-11,2-0-0-6,1:53.5,良1:53.5,,,,,1
門別,20260825,10,8,桃,11,ニットウアイアン,牡,6,黒鹿毛,20200404,ジャングルポケット,ベルベットメドウ,アッミラーレ,黒澤愛,北海道,57,1-0-0-13,千葉津,北海道,藤井謙,沖田忠幸,,,3-2-3-29,0-0-0-2,3-2-3-26,3-2-3-25,3-0-1-15,1:52.4,良1:52.4,,,,,1
門別,20260825,11,1,白,1,エターナルルビー,牝,8,鹿毛,20180224,マツリダゴッホ,エターナルムーン,マイネルラヴ,若杉朝,北海道,55,0-0-0-0,佐藤英,北海道,山根義信,ビッグレッドファーム,,,9-9-10-61,4-5-5-29,5-4-5-27,0-0-0-11,0-0-0-0,,,,,,,1
門別,20260825,11,2,黒,2,トレヴェナ,牝,4,栗毛,20220419,ディーマジェスティ,ティンタジェル,キングカメハメハ,阿部龍,北海道,55,1-4-3-2,角川秀,北海道,安中公成,荻伏三好フアーム,,,3-6-11-7,0-0-0-1,3-6-11-6,3-6-10-5,0-1-0-0,1:00.6,良1:00.6,,,,,1
門別,20260825,11,3,赤,3,バリジグリー,牡,3,黒鹿毛,20230517,モーニン,クインズストリーク,ゴールドアリュール,小川悠,北海道,▲52,0-0-0-2,小国博,北海道,西森鶴,ヤスナカファーム,,,2-1-4-13,0-0-0-0,2-1-4-13,0-0-0-5,0-0-0-0,,,,,,,1
門別,20260825,11,4,青,4,ミッドナイトゲイル,牝,4,鹿毛,20220421,ドレフォン,ミッドナイトラヴ,ロードカナロア,桑村真,北海道,56,2-0-1-0,櫻井拓,北海道,江口知宙,追分ファーム,,,5-4-4-12,0-0-0-1,5-3-3-10,4-3-3-7,4-3-2-5,1:00.6,良1:01.2,,,,,1
門別,20260825,11,5,黄,5,ジャスパーイーグル,セン,9,栗毛,20170207,オルフェーヴル,クロスウォーター2,"Storm Cat",石川倭,北海道,57,1-2-0-1,佐久雅,北海道,加藤和夫,須崎牧場,,,4-3-2-29,1-1-1-7,3-2-1-20,1-2-0-7,1-2-0-3,1:00.9,良1:00.9,,,,,1
門別,20260825,11,6,緑,6,ラストボーン,セン,5,栗毛,20210301,ワールドエース,ハナイチリン,ボストンハーバー,渡邊準,北海道,▲53,0-0-0-0,松本隆,北海道,阿部榮乃進,阿部栄乃進,,,2-4-4-25,1-0-0-0,1-4-4-24,1-4-3-15,0-0-0-1,1:01.6,良1:01.6,,,,,1
門別,20260825,11,7,橙,7,ギャルソンマンキ,牝,4,栗毛,20220318,ヘニーヒューズ,スマートレイチェル,キングカメハメハ,岩橋勇,北海道,54,6-1-0-5,田中淳,北海道,（有）桑田牧場,桑田牧場,,,7-1-0-7,0-0-0-0,7-1-0-7,7-1-0-7,6-1-0-4,1:00.5,良1:00.9,,,,,1
門別,20260825,11,8,桃,8,アマルフィー,牡,5,鹿毛,20210525,ビーチパトロール,テイクザスカイ,ゴールドアリュール,小野楓,北海道,56,0-0-0-1,齊藤正,北海道,加藤徹,大狩部牧場,,,10-8-3-20,0-0-0-1,10-8-3-19,0-0-0-1,0-0-0-1,1:01.8,良1:01.8,,,,,1
門別,20260825,12,1,白,1,ディオスメッセージ,牡,6,鹿毛,20200215,トビーズコーナー,ウィンメッセージ,ウイニングチケット,石川倭,北海道,57,5-1-4-4,村上正,北海道,山口明彦,山口明彦,,,7-11-6-29,0-0-0-0,7-11-6-29,7-10-6-25,6-9-5-19,1:13.4,良1:13.4,,,,,1
門別,20260825,12,2,黒,2,クラサーベル,牡,7,黒鹿毛,20190420,アンライバルド,クラキングレディ,リンドシェーバー,宮内勇,北海道,57,0-0-1-6,佐久雅,北海道,倉見利弘,倉見牧場,,,5-3-7-62,2-2-2-41,3-1-5-21,3-1-5-14,1-0-2-11,1:12.8,良1:14.5,,,,,1
門別,20260825,12,3,赤,3,カミハマッテイル,牡,3,栗毛,20230423,アジアエクスプレス,カクシアジ,スウェプトオーヴァーボード,岩橋勇,北海道,55,3-1-0-4,田中淳,北海道,（有）下河辺牧場,下河辺牧場,,,3-1-1-4,0-0-0-0,3-1-1-4,3-1-1-4,3-1-0-4,1:13.1,良1:13.1,,,,,1
門別,20260825,12,4,青,4,アライグマパンチ,牡,5,黒鹿毛,20210411,ルックスザットキル,モエレアイドル,ゴールドヘイロー,金山昇,北海道,56,0-0-0-1,沼澤英,北海道,藤井孝治,大道牧場,,,6-4-6-17,3-2-4-5,3-2-2-12,2-2-2-9,0-0-1-1,1:14.6,,,,,,1
門別,20260825,12,5,黄,5,イイデマイヒメ,牝,4,栗毛,20220525,カリフォルニアクローム,サンキャッチャー,シンボリクリスエス,望月洵,北海道,54,0-0-0-0,村上正,北海道,須貝廣次,日高大洋牧場,,,3-2-0-15,0-0-0-0,3-2-0-14,3-2-0-13,2-1-0-8,1:13.2,良1:14.0,,,,,1
門別,20260825,12,6,緑,6,リプレゼント,牡,6,鹿毛,20200205,ロードカナロア,ファイネストシティ,"City Zip",阿部龍,北海道,56,2-1-0-0,五十冬,北海道,藤田晋,ノーザンファーム,,,5-3-2-10,0-1-2-8,5-2-0-1,2-1-0-0,2-1-0-0,1:13.2,良1:13.2,,,,,1
門別,20260825,12,6,緑,7,スワッガー,牡,4,栗毛,20220127,デクラレーションオブウォー,ジーガールージュ,カネヒキリ,服部茂,北海道,56,0-0-0-4,松本隆,北海道,（株）ＧＥＴＮＥＸＴ,須崎牧場,,,3-3-2-18,1-0-0-5,2-3-2-13,2-3-2-11,2-2-1-8,1:13.2,良1:14.2,,,,,1
門別,20260825,12,7,橙,8,レディパイロ,牝,5,黒鹿毛,20210219,パイロ,ターコイズ,ハードスパン,黒澤愛,北海道,54,2-6-3-7,森山雄,北海道,正木省司,トド岩高原銀河農場物,,,5-10-4-25,0-0-0-0,5-10-4-25,5-10-4-25,5-10-2-15,1:13.7,良1:13.7,,,,,1
門別,20260825,12,7,橙,9,サンヨウテイオウ,牡,4,鹿毛,20220506,ルヴァンスレーヴ,ブラックシンデレラ,ハーツクライ,桑村真,北海道,57,0-0-0-0,山田和,北海道,上野孝展,鮫川啓一,,,6-2-3-10,0-0-0-0,6-2-3-10,0-0-2-4,0-0-1-1,1:16.7,良1:16.9,,,,,1
門別,20260825,12,8,桃,10,リアルガー,牡,6,鹿毛,20200504,リアルスティール,メイショウホノボノ,メイショウサムソン,松井伸,北海道,56,0-0-0-0,黒川智,北海道,（有）日進牧場,高村牧場,,,3-0-4-12,0-0-0-0,3-0-4-12,1-0-3-9,0-0-2-3,1:14.1,良1:14.3,,,,,1
門別,20260825,12,8,桃,11,ヤマニンパッセ,牝,4,鹿毛,20220516,ルヴァンスレーヴ,ヤマニンラレーヌ,ヤマニンセラフィム,落合玄,北海道,55,2-1-0-1,川島洋,北海道,土井久美子,錦岡牧場,,,9-2-0-5,0-0-0-0,9-2-0-5,9-2-0-4,8-2-0-2,1:13.1,良1:13.7,,,,,1
