競馬場,競走年月日,レース番号,発走時刻,競走種類名称,レース名,副賞名1,副賞名2,副賞名3,副賞名4,副賞名5,副賞名6,副賞名7,副賞名8,副賞名9,副賞名10,副賞名11,副賞名12,副賞名13,副賞名14,副賞名15,芝ダート区分,回り,距離,天候,馬場,頭数,条件,1着賞金(円),2着賞金(円),3着賞金(円),4着賞金(円),5着賞金(円),上がり4F,上がり3F,ハロンタイム1,ハロンタイム2,ハロンタイム3,ハロンタイム4,ハロンタイム5,ハロンタイム6,ハロンタイム7,ハロンタイム8,ハロンタイム9,ハロンタイム10,ハロンタイム11,ハロンタイム12,ハロンタイム13,ハロンタイム14,ハロンタイム15,コーナー名称1,コーナー名称2,コーナー名称3,コーナー名称4,コーナー名称5,コーナー名称6,コーナー名称7,コーナー名称8,コーナー通過順1,コーナー通過順2,コーナー通過順3,コーナー通過順4,コーナー通過順5,コーナー通過順6,コーナー通過順7,コーナー通過順8
盛岡,20260825,1,1145,普通,Ｃ２三組,,,,,,,,,,,,,,,,ダート,左,1400,晴,良,9,サラブレッド系　一般,430000,151000,86000,56000,30000,,,,,,,,,,,,,,,,,,３コーナー,４コーナー,,,,,,,"1,6,8,7,5,2-4,3-9","(1,8),(2,6),(5,7)-4-(3,9)",,,,,,
盛岡,20260825,2,1220,普通,Ｃ２二組,,,,,,,,,,,,,,,,ダート,左,1400,晴,良,10,サラブレッド系　一般,430000,151000,86000,56000,30000,,,,,,,,,,,,,,,,,,,,,,,,,,,,,,,,,
盛岡,20260825,3,1255,普通,Ｃ２一組,,,,,,,,,,,,,,,,ダート,左,1400,晴,良,10,サラブレッド系　一般,430000,151000,86000,56000,30000,,,,,,,,,,,,,,,,,,,,,,,,,,,,,,,,,
盛岡,20260825,4,1330,普通,３歳Ｃ１三組,,,,,,,,,,,,,,,,ダート,左,1400,晴,良,10,サラブレッド系　３歳,600000,210000,120000,78000,42000,,,,,,,,,,,,,,,,,,,,,,,,,,,,,,,,,
盛岡,20260825,5,1405,普通,３歳Ｃ１二組,,,,,,,,,,,,,,,,ダート,左,1400,晴,良,10,サラブレッド系　３歳,600000,210000,120000,78000,42000,,,,,,,,,,,,,,,,,,,,,,,,,,,,,,,,,
盛岡,20260825,6,1440,普通,３歳Ｃ１一組,,,,,,,,,,,,,,,,ダート,左,1400,晴,良,10,サラブレッド系　３歳,600000,210000,120000,78000,42000,,,,,,,,,,,,,,,,,,,,,,,,,,,,,,,,,
盛岡,20260825,7,1515,普通,２歳,,,,,,,,,,,,,,,,ダート,左,1200,晴,良,10,サラブレッド系　２歳,650000,228000,130000,85000,46000,,,,,,,,,,,,,,,,,,,,,,,,,,,,,,,,,
盛岡,20260825,8,1550,普通,Ｂ２,,,,,,,,,,,,,,,,ダート,左,1400,晴,良,12,サラブレッド系　一般,600000,210000,120000,78000,42000,,,,,,,,,,,,,,,,,,,,,,,,,,,,,,,,,
盛岡,20260825,9,1625,特別,エメラルド賞３歳,開催執務委員長賞,,,,,,,,,,,,,,,芝,左,1700,晴,良,12,"サラブレッド系　３歳 定量",1200000,420000,240000,156000,84000,,,,,,,,,,,,,,,,,,,,,,,,,,,,,,,,,
盛岡,20260825,10,1700,普通,Ｂ１三組,,,,,,,,,,,,,,,,ダート,左,1600,晴,良,9,サラブレッド系　一般,800000,280000,160000,104000,56000,,,,,,,,,,,,,,,,,,,,,,,,,,,,,,,,,
盛岡,20260825,11,1735,普通,Ｂ１,,,,,,,,,,,,,,,,ダート,左,1200,晴,良,12,サラブレッド系　一般,800000,280000,160000,104000,56000,,,,,,,,,,,,,,,,,,,,,,,,,,,,,,,,,
盛岡,20260825,12,1810,普通,ポーチュラカ賞Ｂ１,,,,,,,,,,,,,,,,ダート,左,1200,晴,良,12,サラブレッド系　一般,800000,280000,160000,104000,56000,,,,,,,,,,,,,,,,,,,,,,,,,,,,,,,,,
船橋,20260825,1,1435,普通,２歳五,,,,,,,,,,,,,,,,ダート,左,1200,晴,良,7,サラブレッド系　２歳,2100000,840000,525000,315000,210000,,,,,,,,,,,,,,,,,,,,,,,,,,,,,,,,,
船橋,20260825,2,1505,普通,２歳四,,,,,,,,,,,,,,,,ダート,左,1200,晴,良,9,サラブレッド系　２歳,2300000,920000,575000,345000,230000,,,,,,,,,,,,,,,,,,,,,,,,,,,,,,,,,
船橋,20260825,3,1535,普通,３歳四,,,,,,,,,,,,,,,,ダート,左,1200,晴,良,6,サラブレッド系　３歳,1200000,480000,300000,180000,120000,,,,,,,,,,,,,,,,,,,,,,,,,,,,,,,,,
船橋,20260825,4,1605,普通,"Ｃ２二 三 四ア",,,,,,,,,,,,,,,,ダート,左,1500,晴,良,12,サラブレッド系　一般,1000000,400000,250000,150000,100000,,,,,,,,,,,,,,,,,,,,,,,,,,,,,,,,,
船橋,20260825,5,1640,普通,３歳三,,,,,,,,,,,,,,,,ダート,左,1200,晴,良,12,サラブレッド系　３歳,1200000,480000,300000,180000,120000,,,,,,,,,,,,,,,,,,,,,,,,,,,,,,,,,
船橋,20260825,6,1715,普通,"Ｃ２二 三 四ウ",,,,,,,,,,,,,,,,ダート,左,1200,晴,良,12,サラブレッド系　一般,1000000,400000,250000,150000,100000,,,,,,,,,,,,,,,,,,,,,,,,,,,,,,,,,
船橋,20260825,7,1750,普通,"馬い！たまごはサンサンエッグ津田沼店Ｃ２二 三 四イ",,,,,,,,,,,,,,,,ダート,左,1200,晴,良,12,サラブレッド系　一般,1000000,400000,250000,150000,100000,,,,,,,,,,,,,,,,,,,,,,,,,,,,,,,,,
船橋,20260825,8,1825,特別,屏風ヶ浦スプリントＢ２選抜馬,,,,,,,,,,,,,,,,ダート,左,1200,晴,良,12,サラブレッド系　一般,3000000,1200000,750000,450000,300000,,,,,,,,,,,,,,,,,,,,,,,,,,,,,,,,,
船橋,20260825,9,1900,特別,灯篭賞３歳選抜馬,,,,,,,,,,,,,,,,ダート,左,1500,晴,良,13,サラブレッド系　３歳,1600000,640000,400000,240000,160000,,,,,,,,,,,,,,,,,,,,,,,,,,,,,,,,,
船橋,20260825,10,1935,特別,ユウガオスプリントＢ３選抜馬ウ,,,,,,,,,,,,,,,,ダート,左,1200,晴,良,12,サラブレッド系　一般,2700000,1080000,675000,405000,270000,,,,,,,,,,,,,,,,,,,,,,,,,,,,,,,,,
船橋,20260825,11,2010,特別,威風堂々特別Ｂ２三Ｂ３一,,,,,,,,,,,,,,,,ダート,左,1600,晴,良,14,サラブレッド系　一般,3000000,1200000,750000,450000,300000,,,,,,,,,,,,,,,,,,,,,,,,,,,,,,,,,
船橋,20260825,12,2050,特別,夏の大三角賞Ｃ１選抜馬,,,,,,,,,,,,,,,,ダート,左,1800,晴,良,14,サラブレッド系　一般,1800000,720000,450000,270000,180000,,,,,,,,,,,,,,,,,,,,,,,,,,,,,,,,,
金沢,20260825,1,1500,普通,Ｃ１六,,,,,,,,,,,,,,,,ダート,右,1400,晴,良,9,"サラブレッド系　一般 定量",450000,153000,81000,58000,45000,,,,,,,,,,,,,,,,,,,,,,,,,,,,,,,,,
金沢,20260825,2,1540,普通,Ｃ１五,,,,,,,,,,,,,,,,ダート,右,1400,晴,良,9,"サラブレッド系　一般 定量",450000,153000,81000,58000,45000,,,,,,,,,,,,,,,,,,,,,,,,,,,,,,,,,
金沢,20260825,3,1615,普通,なつみちゃん誕生日おめでとう記念Ｃ１四,,,,,,,,,,,,,,,,ダート,右,1400,晴,良,8,"サラブレッド系　一般 定量",450000,153000,81000,58000,45000,,,,,,,,,,,,,,,,,,,,,,,,,,,,,,,,,
金沢,20260825,4,1650,普通,Ｃ１三,,,,,,,,,,,,,,,,ダート,右,1500,晴,良,9,"サラブレッド系　一般 定量",450000,153000,81000,58000,45000,,,,,,,,,,,,,,,,,,,,,,,,,,,,,,,,,
金沢,20260825,5,1725,普通,長江崚行　爆誕２０２６Ｃ１二,,,,,,,,,,,,,,,,ダート,右,1500,晴,良,9,"サラブレッド系　一般 定量",450000,153000,81000,58000,45000,,,,,,,,,,,,,,,,,,,,,,,,,,,,,,,,,
金沢,20260825,6,1805,特別,能登復興支援　舳倉島（へぐらじま）特別Ｃ１Ｃ２,,,,,,,,,,,,,,,,ダート,右,900,晴,良,9,"サラブレッド系　一般 定量",480000,163000,86000,62000,48000,,,,,,,,,,,,,,,,,,,,,,,,,,,,,,,,,
金沢,20260825,7,1840,普通,航ニ朗お誕生日おめでとう杯Ｂ２六,,,,,,,,,,,,,,,,ダート,右,1500,晴,良,10,"サラブレッド系　一般 定量",500000,170000,90000,65000,50000,,,,,,,,,,,,,,,,,,,,,,,,,,,,,,,,,
金沢,20260825,8,1915,特別,楽天ポイントが貯まる！楽天競馬特別Ａ１二,,,,,,,,,,,,,,,,ダート,右,1400,晴,良,7,"サラブレッド系　一般 定量",1500000,510000,270000,195000,150000,,,,,,,,,,,,,,,,,,,,,,,,,,,,,,,,,
金沢,20260825,9,1955,重賞,"第２２回 イヌワシ賞【白山大賞典トライアル】３歳上（地方全国交流）",北國新聞社賞,（一社）石川県馬主協会長賞,金沢競馬開催執務委員長賞,,,,,,,,,,,,,ダート,右,2000,晴,良,10,"サラブレッド系　一般 定量",10000000,3200000,1600000,1200000,1000000,,,,,,,,,,,,,,,,,,,,,,,,,,,,,,,,,
金沢,20260825,10,2035,普通,Ｂ２五,,,,,,,,,,,,,,,,ダート,右,1500,晴,良,12,"サラブレッド系　一般 定量",500000,170000,90000,65000,50000,,,,,,,,,,,,,,,,,,,,,,,,,,,,,,,,,
笠松,20260825,1,1135,普通,Ｃ１２組,,,,,,,,,,,,,,,,ダート,右,1400,晴,良,8,"サラブレッド系　一般 定量",400000,160000,100000,60000,40000,,,,,,,,,,,,,,,,,,最初の直線,第２コーナー,第３コーナー,第４コーナー,,,,,"3,8,(6,7)-2,5,4,1","3,8,6,7,2,5,(1,4)","(3,8)-6-2-(7,1),(5,4)","3,8-2,6-1,5,(7,4)",,,,
笠松,20260825,2,1210,普通,Ｃ１１組,,,,,,,,,,,,,,,,ダート,右,1400,晴,良,8,"サラブレッド系　一般 定量",400000,160000,100000,60000,40000,,,,,,,,,,,,,,,,,,最初の直線,第２コーナー,第３コーナー,第４コーナー,,,,,"(2,5),8,7,3,6,1,4","(2,5),8,7,3,(1,6),4","(2,8),(5,7)-(3,1),6,4","(2,8)-7-5,(3,1),6,4",,,,
笠松,20260825,3,1245,普通,好きです笠松競馬Ｃ１０,好きです笠松競馬賞,,,,,,,,,,,,,,,ダート,右,1400,晴,良,8,"サラブレッド系　一般 定量",400000,160000,100000,60000,40000,,,,,,,,,,,,,,,,,,,,,,,,,,,,,,,,,
笠松,20260825,4,1320,普通,ソラ高校合格記念Ｃ９,ソラ高校合格記念賞,,,,,,,,,,,,,,,ダート,右,1400,晴,良,8,"サラブレッド系　一般 定量",400000,160000,100000,60000,40000,,,,,,,,,,,,,,,,,,,,,,,,,,,,,,,,,
笠松,20260825,5,1355,普通,佐藤大介生誕８歳記念Ｃ８,佐藤大介生誕８歳記念賞,,,,,,,,,,,,,,,ダート,右,1400,晴,良,8,"サラブレッド系　一般 定量",400000,160000,100000,60000,40000,,,,,,,,,,,,,,,,,,,,,,,,,,,,,,,,,
笠松,20260825,6,1425,普通,藤城氏金無いけど５０で退職記念Ｃ７,藤城氏金無いけど５０で退職記念賞,,,,,,,,,,,,,,,ダート,右,1400,晴,良,8,"サラブレッド系　一般 定量",400000,160000,100000,60000,40000,,,,,,,,,,,,,,,,,,,,,,,,,,,,,,,,,
笠松,20260825,7,1455,普通,Ｂ３組,,,,,,,,,,,,,,,,ダート,右,1400,晴,良,9,"サラブレッド系　一般 定量",450000,180000,113000,67000,45000,,,,,,,,,,,,,,,,,,,,,,,,,,,,,,,,,
笠松,20260825,8,1530,普通,Ｂ２組,,,,,,,,,,,,,,,,ダート,右,1400,晴,良,8,"サラブレッド系　一般 定量",450000,180000,113000,67000,45000,,,,,,,,,,,,,,,,,,,,,,,,,,,,,,,,,
笠松,20260825,9,1600,特別,残暑特別Ｂ１－２,,,,,,,,,,,,,,,,ダート,右,1580,晴,良,9,"サラブレッド系　一般 別定",700000,280000,175000,105000,70000,,,,,,,,,,,,,,,,,,,,,,,,,,,,,,,,,
笠松,20260825,10,1635,特別,処暑特別Ｂ１－１,,,,,,,,,,,,,,,,ダート,右,1400,晴,良,10,"サラブレッド系　一般 別定",700000,280000,175000,105000,70000,,,,,,,,,,,,,,,,,,,,,,,,,,,,,,,,,
門別,20260825,1,1420,普通,２歳　未勝利,,,,,,,,,,,,,,,,ダート,右,1000,雨,重,12,"サラブレッド系　２歳 定量",500000,140000,105000,70000,35000,,,,,,,,,,,,,,,,,,,,,,,,,,,,,,,,,
門別,20260825,2,1450,普通,２歳　未勝利,,,,,,,,,,,,,,,,ダート,右,1000,雨,重,12,"サラブレッド系　２歳 定量",500000,140000,105000,70000,35000,,,,,,,,,,,,,,,,,,,,,,,,,,,,,,,,,
門別,20260825,3,1520,普通,２歳牝馬　未勝利,公益社団法人日本軽種馬協会会長賞,,,,,,,,,,,,,,,ダート,右,1100,雨,重,12,"サラブレッド系　２歳 定量",500000,140000,105000,70000,35000,,,,,,,,,,,,,,,,,,,,,,,,,,,,,,,,,
門別,20260825,4,1555,普通,２歳　未勝利,,,,,,,,,,,,,,,,ダート,右,1100,雨,重,10,"サラブレッド系　２歳 定量",500000,140000,105000,70000,35000,,,,,,,,,,,,,,,,,,,,,,,,,,,,,,,,,
門別,20260825,5,1630,普通,３歳以上　Ｃ４－３,,,,,,,,,,,,,,,,ダート,右,1200,雨,重,11,"サラブレッド系　一般 定量",400000,112000,84000,56000,28000,,,,,,,,,,,,,,,,,,,,,,,,,,,,,,,,,
門別,20260825,6,1705,普通,３歳以上　Ｃ４－２,,,,,,,,,,,,,,,,ダート,右,1000,雨,重,12,"サラブレッド系　一般 定量",400000,112000,84000,56000,28000,,,,,,,,,,,,,,,,,,,,,,,,,,,,,,,,,
門別,20260825,7,1740,特別,ネジバナ特別Ｃ４－２,,,,,,,,,,,,,,,,ダート,右,1500,雨,重,9,"サラブレッド系　一般 定量",550000,154000,116000,77000,38000,,,,,,,,,,,,,,,,,,,,,,,,,,,,,,,,,
門別,20260825,8,1815,特別,オニユリ特別Ｃ４－２,,,,,,,,,,,,,,,,ダート,右,1800,雨,重,8,"サラブレッド系　一般 定量",550000,154000,116000,77000,38000,,,,,,,,,,,,,,,,,,,,,,,,,,,,,,,,,
門別,20260825,9,1850,普通,アルーダ日高西部賞Ｃ４－２,株式会社日高西部農協機械センター賞,,,,,,,,,,,,,,,ダート,右,1000,雨,重,12,"サラブレッド系　一般 定量",400000,112000,84000,56000,28000,,,,,,,,,,,,,,,,,,,,,,,,,,,,,,,,,
門別,20260825,10,1925,特別,グランシャリオドリーム５０Ｃ４－２,,,,,,,,,,,,,,,,ダート,右,1700,雨,重,11,"サラブレッド系　一般 定量",550000,154000,116000,77000,38000,,,,,,,,,,,,,,,,,,,,,,,,,,,,,,,,,
門別,20260825,11,2000,特別,ベゴニア特別Ａ３～Ｂ２,,,,,,,,,,,,,,,,ダート,右,1000,雨,重,8,"サラブレッド系　一般 別定",900000,252000,189000,126000,63000,,,,,,,,,,,,,,,,,,,,,,,,,,,,,,,,,
門別,20260825,12,2040,特別,ダリア特別Ａ３～Ｂ２,,,,,,,,,,,,,,,,ダート,右,1200,雨,重,11,"サラブレッド系　一般 別定",900000,252000,189000,126000,63000,,,,,,,,,,,,,,,,,,,,,,,,,,,,,,,,,
